scenario,family,orders,engine,valid,served,deferred,unservable,chilled_served,prior_skip_served,vehicles,trips,litres,km,ms,rank_vs_best,fingerprint,extra,violation
G-base-120-1,base-120,120,E0,True,82,38,0,23,7,18,36,657.74,4136.0,14,-1,eced41f5,,
G-base-120-1,base-120,120,E1,True,82,38,0,22,7,18,36,703.438,4242.0,1830,-1,73813215,,
G-base-120-1,base-120,120,E2-cpsat,True,82,38,0,22,7,18,36,703.438,4242.0,10018,-1,73813215,solves=1 cuts=0 unproven=38 cost=unfinished obj=NaN bound=NaN budget,
G-base-120-1,base-120,120,E2-scip,True,82,38,0,22,7,18,36,703.438,4242.0,10039,-1,73813215,solves=1 cuts=0 unproven=38 cost=unfinished obj=NaN bound=NaN budget,
G-base-120-1,base-120,120,E3-alns,True,97,23,0,22,7,18,36,726.804,4485.0,2873,-1,fde40b40,iterations=2000 improvements=34,
G-base-120-1,base-120,120,E4-routing,True,98,22,0,22,7,18,35,681.096,4044.0,10038,-1,d461a37a,repaired=0 status=ROUTING_SUCCESS,
G-base-120-1,base-120,120,E5-production,True,98,22,0,22,7,18,36,751.319,4501.0,2887,0,eedca619,cost=DEFERRALS vehicles 18->18 litres 703.4->751.3 iterations=2000 NONE,
G-base-120-2,base-120,120,E0,True,79,39,2,20,9,18,36,723.162,4258.0,15,-1,bf1c285c,,
G-base-120-2,base-120,120,E1,True,77,41,2,21,9,18,36,704.554,4262.0,900,-1,2ac49255,,
G-base-120-2,base-120,120,E2-cpsat,True,36,82,2,23,9,12,21,350.628,2124.0,10028,-1,381e8902,solves=5 cuts=1 unproven=81 cost=unfinished obj=NaN bound=NaN budget,
G-base-120-2,base-120,120,E2-scip,True,29,89,2,22,9,9,15,295.109,1843.0,10080,-1,dbd5b5e5,solves=3 cuts=0 unproven=89 cost=unfinished obj=NaN bound=NaN budget,
G-base-120-2,base-120,120,E3-alns,True,100,18,2,23,9,18,36,701.92,4304.0,1730,-1,24598cae,iterations=2000 improvements=28,
G-base-120-2,base-120,120,E4-routing,True,92,26,2,19,9,18,35,716.267,4243.0,10036,-1,a0d9fa86,repaired=1 status=ROUTING_SUCCESS,
G-base-120-2,base-120,120,E5-production,True,101,17,2,23,9,18,36,730.766,4343.0,1631,0,9c0aa3a1,cost=DEFERRALS vehicles 18->18 litres 704.6->730.8 iterations=2000 NONE,
G-base-120-3,base-120,120,E0,True,119,1,0,29,15,26,50,1370.157,7768.0,18,0,b9b3fbbd,,
G-base-120-3,base-120,120,E1,True,119,1,0,29,15,26,50,1370.157,7768.0,10080,0,b9b3fbbd,,
G-base-120-3,base-120,120,E2-cpsat,True,119,1,0,29,15,26,50,1370.157,7768.0,10075,0,b9b3fbbd,solves=0 cuts=0 unproven=1 cost=unfinished obj=NaN bound=NaN budget,
G-base-120-3,base-120,120,E2-scip,True,119,1,0,29,15,26,50,1370.157,7768.0,10063,0,b9b3fbbd,solves=0 cuts=0 unproven=1 cost=unfinished obj=NaN bound=NaN budget,
G-base-120-3,base-120,120,E3-alns,True,119,1,0,29,15,26,50,1370.157,7768.0,10066,0,b9b3fbbd,iterations=0 improvements=0 clock,
G-base-120-3,base-120,120,E4-routing,True,118,2,0,29,15,28,34,1035.801,5723.0,10038,-1,f0eb1a32,repaired=1 status=ROUTING_SUCCESS,
G-base-120-3,base-120,120,E5-production,True,119,1,0,29,15,18,35,996.451,5747.0,10416,0,f2582077,cost=DEFERRALS vehicles 26->18 litres 1370.2->996.5 iterations=2000 NONE,
G-base-120-4,base-120,120,E0,True,120,0,0,18,12,26,50,1169.048,7101.0,21,0,378b46fa,,
G-base-120-4,base-120,120,E1,True,120,0,0,18,12,26,50,1169.048,7101.0,91,0,378b46fa,,
G-base-120-4,base-120,120,E2-cpsat,True,120,0,0,18,12,26,50,1169.048,7101.0,10033,0,378b46fa,solves=1 cuts=4 unproven=0 cost=unfinished obj=22869.0 bound=3729.2 budget,
G-base-120-4,base-120,120,E2-scip,True,120,0,0,18,12,26,50,1169.048,7101.0,10058,0,378b46fa,solves=1 cuts=9 unproven=0 cost=unfinished obj=28166.5 bound=2706.9 budget,
G-base-120-4,base-120,120,E3-alns,True,120,0,0,18,12,19,38,842.266,5565.0,616,0,e9a7e7b0,iterations=2000 improvements=53,
G-base-120-4,base-120,120,E4-routing,True,116,4,0,18,12,27,35,828.711,5350.0,10040,-1,f276b551,repaired=4 status=ROUTING_SUCCESS,
G-base-120-4,base-120,120,E5-production,True,120,0,0,18,12,19,37,822.338,5478.0,619,0,f6fdc90e,cost=LOW_UTILISATION vehicles 26->19 litres 1169.0->822.3 iterations=2000 NONE,
G-base-120-5,base-120,120,E0,True,98,21,1,25,8,18,35,686.575,4026.0,15,-1,8e4e0596,,
G-base-120-5,base-120,120,E1,True,98,21,1,25,8,18,35,686.575,4026.0,709,-1,8e4e0596,,
G-base-120-5,base-120,120,E2-cpsat,True,67,52,1,25,8,18,36,708.543,4227.0,10049,-1,4e8cc40f,solves=29 cuts=29 unproven=52 cost=unfinished obj=NaN bound=NaN budget,
G-base-120-5,base-120,120,E2-scip,True,53,66,1,25,8,13,24,437.381,2539.0,10060,-1,2d507c50,solves=12 cuts=13 unproven=66 cost=unfinished obj=NaN bound=NaN budget,
G-base-120-5,base-120,120,E3-alns,True,108,11,1,25,8,17,33,726.636,4268.0,1234,0,abffe6d7,iterations=2000 improvements=10,
G-base-120-5,base-120,120,E4-routing,True,88,31,1,21,8,18,30,624.736,3569.0,10038,-1,30a8cef9,repaired=4 status=ROUTING_SUCCESS,
G-base-120-5,base-120,120,E5-production,True,108,11,1,25,8,17,33,715.323,4268.0,1254,0,87ff796,cost=DEFERRALS vehicles 18->17 litres 686.6->715.3 iterations=2000 NONE,
G-base-200-1,base-200,200,E0,True,88,108,4,27,23,18,36,724.458,4422.0,27,-1,53352bdc,,
G-base-200-1,base-200,200,E1,True,87,109,4,26,23,18,36,716.942,4434.0,6855,-1,f9ad98e3,,
G-base-200-1,base-200,200,E2-cpsat,True,87,109,4,26,23,18,36,716.942,4434.0,10034,-1,f9ad98e3,solves=3 cuts=4 unproven=109 cost=unfinished obj=NaN bound=NaN budget,
G-base-200-1,base-200,200,E2-scip,True,87,109,4,26,23,18,36,716.942,4434.0,10044,-1,f9ad98e3,solves=3 cuts=4 unproven=109 cost=unfinished obj=NaN bound=NaN budget,
G-base-200-1,base-200,200,E3-alns,True,93,103,4,27,23,18,36,746.523,4646.0,10016,-1,7cb13f94,iterations=1815 improvements=14 clock,
G-base-200-1,base-200,200,E4-routing,True,82,114,4,31,17,18,33,523.267,3105.0,10110,-1,1170d94c,repaired=4 status=ROUTING_PARTIAL_SUCCESS_LOCAL_OPTIMUM_NOT_REACHED,
G-base-200-1,base-200,200,E5-production,True,94,102,4,27,23,18,36,737.19,4592.0,10412,0,4e4d98d0,cost=DEFERRALS vehicles 18->18 litres 716.9->737.2 iterations=2000 NONE,
G-base-200-2,base-200,200,E0,True,170,30,0,36,20,30,60,1310.743,7750.0,177,-1,ad2c7078,,
G-base-200-2,base-200,200,E1,True,170,30,0,36,20,30,60,1310.743,7750.0,9673,-1,ad2c7078,,
G-base-200-2,base-200,200,E2-cpsat,True,170,30,0,36,20,30,60,1310.743,7750.0,10027,-1,ad2c7078,solves=1 cuts=0 unproven=30 cost=unfinished obj=NaN bound=NaN budget,
G-base-200-2,base-200,200,E2-scip,True,170,30,0,36,20,30,60,1310.743,7750.0,10059,-1,ad2c7078,solves=2 cuts=1 unproven=30 cost=unfinished obj=NaN bound=NaN budget,
G-base-200-2,base-200,200,E3-alns,True,188,12,0,37,20,28,55,1242.789,7525.0,10006,0,12b7bd61,iterations=1023 improvements=97 clock,
G-base-200-2,base-200,200,E4-routing,True,116,84,0,30,19,30,56,1134.955,6894.0,10210,-1,3d1ddcde,repaired=17 status=ROUTING_PARTIAL_SUCCESS_LOCAL_OPTIMUM_NOT_REACHED,
G-base-200-2,base-200,200,E5-production,True,188,12,0,37,20,28,56,1256.634,7545.0,11264,0,6ec943a,cost=DEFERRALS vehicles 30->28 litres 1310.7->1256.6 iterations=2000 NONE,
G-base-200-3,base-200,200,E0,True,159,41,0,29,20,30,60,1558.212,8634.0,45,-1,5855250c,,
G-base-200-3,base-200,200,E1,True,159,41,0,29,20,30,60,1558.212,8634.0,10011,-1,5855250c,,
G-base-200-3,base-200,200,E2-cpsat,True,159,41,0,29,20,30,60,1558.212,8634.0,10033,-1,5855250c,solves=0 cuts=0 unproven=41 cost=unfinished obj=NaN bound=NaN budget,
G-base-200-3,base-200,200,E2-scip,True,159,41,0,29,20,30,60,1558.212,8634.0,10041,-1,5855250c,solves=0 cuts=0 unproven=41 cost=unfinished obj=NaN bound=NaN budget,
G-base-200-3,base-200,200,E3-alns,True,159,41,0,29,20,30,60,1558.212,8634.0,10033,-1,5855250c,iterations=0 improvements=0 clock,
G-base-200-3,base-200,200,E4-routing,True,118,82,0,28,20,29,55,1387.141,7688.0,10130,-1,b9b77289,repaired=15 status=ROUTING_PARTIAL_SUCCESS_LOCAL_OPTIMUM_NOT_REACHED,
G-base-200-3,base-200,200,E5-production,True,176,24,0,37,20,24,48,1147.646,6696.0,11168,0,651e3497,cost=DEFERRALS vehicles 30->24 litres 1558.2->1147.6 iterations=2000 NONE,
G-base-200-4,base-200,200,E0,True,94,100,6,32,24,18,36,664.61,4089.0,29,-1,4e40d466,,
G-base-200-4,base-200,200,E1,True,94,100,6,32,24,18,36,664.61,4089.0,10033,-1,4e40d466,,
G-base-200-4,base-200,200,E2-cpsat,True,94,100,6,32,24,18,36,664.61,4089.0,10049,-1,4e40d466,solves=0 cuts=0 unproven=100 cost=unfinished obj=NaN bound=NaN budget,
G-base-200-4,base-200,200,E2-scip,True,94,100,6,32,24,18,36,664.61,4089.0,10057,-1,4e40d466,solves=0 cuts=0 unproven=100 cost=unfinished obj=NaN bound=NaN budget,
G-base-200-4,base-200,200,E3-alns,True,94,100,6,32,24,18,36,664.61,4089.0,10045,-1,4e40d466,iterations=0 improvements=0 clock,
G-base-200-4,base-200,200,E4-routing,True,76,118,6,25,20,18,35,560.448,3340.0,10117,-1,2da6c1c6,repaired=11 status=ROUTING_PARTIAL_SUCCESS_LOCAL_OPTIMUM_NOT_REACHED,
G-base-200-4,base-200,200,E5-production,True,127,67,6,34,24,18,36,702.882,4328.0,12611,0,88f07957,cost=DEFERRALS vehicles 18->18 litres 664.6->702.9 iterations=2000 NONE,
G-base-200-5,base-200,200,E0,True,175,25,0,37,14,30,60,1392.953,8315.0,52,-1,4fbb28b,,
G-base-200-5,base-200,200,E1,True,175,25,0,37,14,30,60,1392.953,8315.0,10463,-1,4fbb28b,,
G-base-200-5,base-200,200,E2-cpsat,True,175,25,0,37,14,30,60,1392.953,8315.0,10455,-1,4fbb28b,solves=0 cuts=0 unproven=25 cost=unfinished obj=NaN bound=NaN budget,
G-base-200-5,base-200,200,E2-scip,True,175,25,0,37,14,30,60,1392.953,8315.0,10460,-1,4fbb28b,solves=0 cuts=0 unproven=25 cost=unfinished obj=NaN bound=NaN budget,
G-base-200-5,base-200,200,E3-alns,True,175,25,0,37,14,30,60,1392.953,8315.0,10457,-1,4fbb28b,iterations=0 improvements=0 clock,
G-base-200-5,base-200,200,E4-routing,True,115,85,0,30,14,30,51,1346.378,8130.0,10139,-1,1fc27a0b,repaired=7 status=ROUTING_PARTIAL_SUCCESS_LOCAL_OPTIMUM_NOT_REACHED,
G-base-200-5,base-200,200,E5-production,True,194,6,0,47,14,26,50,1229.533,7602.0,11830,0,bec0c8d6,cost=DEFERRALS vehicles 30->26 litres 1393.0->1229.5 iterations=2000 NONE,
G-base-60-1,base-60,60,E0,True,58,1,1,10,10,16,29,502.221,3071.0,6,-1,8af88325,,
G-base-60-1,base-60,60,E1,True,58,1,1,10,10,16,29,502.221,3071.0,8,-1,8af88325,,
G-base-60-1,base-60,60,E2-cpsat,True,59,0,1,10,10,17,30,503.774,3087.0,10012,0,9e6d1a6f,solves=2 cuts=1 unproven=0 cost=unfinished obj=15392.0 bound=2090.4 budget,
G-base-60-1,base-60,60,E2-scip,True,59,0,1,10,10,15,29,480.538,2976.0,10035,0,99d3779f,solves=2 cuts=2 unproven=0 cost=unfinished obj=16536.0 bound=9326.3 budget,
G-base-60-1,base-60,60,E3-alns,True,59,0,1,10,10,12,24,346.978,2418.0,330,0,2a46667,iterations=2000 improvements=32,
G-base-60-1,base-60,60,E4-routing,True,59,0,1,10,10,17,24,404.48,2289.0,10015,0,d452591f,repaired=0 status=ROUTING_SUCCESS,
G-base-60-1,base-60,60,E5-production,True,59,0,1,10,10,12,24,335.603,2418.0,329,0,a00eaa86,cost=DEFERRALS vehicles 16->12 litres 502.2->335.6 iterations=2000 NONE,
G-base-60-2,base-60,60,E0,True,60,0,0,14,6,19,35,843.308,5265.0,7,0,8d8e406b,,
G-base-60-2,base-60,60,E1,True,60,0,0,14,6,19,35,843.308,5265.0,43,0,8d8e406b,,
G-base-60-2,base-60,60,E2-cpsat,True,60,0,0,14,6,19,35,843.308,5265.0,10018,0,8d8e406b,solves=1 cuts=3 unproven=0 cost=unfinished obj=14519.5 bound=2138.5 budget,
G-base-60-2,base-60,60,E2-scip,True,60,0,0,14,6,19,35,843.308,5265.0,10033,0,8d8e406b,solves=1 cuts=3 unproven=0 cost=unfinished obj=17628.0 bound=10416.3 budget,
G-base-60-2,base-60,60,E3-alns,True,60,0,0,14,6,13,26,629.765,4035.0,309,0,7ed80abd,iterations=2000 improvements=21,
G-base-60-2,base-60,60,E4-routing,True,53,7,0,14,6,16,21,539.784,3349.0,10016,-1,8855db65,repaired=7 status=ROUTING_SUCCESS,
G-base-60-2,base-60,60,E5-production,True,60,0,0,14,6,12,24,558.578,3678.0,372,0,43a0382e,cost=LOW_UTILISATION vehicles 19->12 litres 843.3->558.6 iterations=2000 NONE,
G-base-60-3,base-60,60,E0,True,57,3,0,16,11,15,29,557.897,3470.0,6,-1,f0ecd4b1,,
G-base-60-3,base-60,60,E1,True,58,2,0,17,11,17,30,602.85,3717.0,52,0,18d555ff,,
G-base-60-3,base-60,60,E2-cpsat,True,58,2,0,17,11,17,30,602.85,3717.0,10011,0,18d555ff,solves=3 cuts=1 unproven=0 cost=unfinished obj=12453.7 bound=3119.5 budget,
G-base-60-3,base-60,60,E2-scip,True,58,2,0,17,11,12,23,439.679,2787.0,10026,0,2616b53a,solves=3 cuts=0 unproven=0 cost=unfinished obj=12439.7 bound=10346.1,
G-base-60-3,base-60,60,E3-alns,True,58,2,0,17,11,12,24,474.317,2929.0,243,0,ebe7839b,iterations=2000 improvements=13,
G-base-60-3,base-60,60,E4-routing,True,58,2,0,17,11,14,22,444.296,2743.0,10017,0,414ab853,repaired=0 status=ROUTING_SUCCESS,
G-base-60-3,base-60,60,E5-production,True,58,2,0,17,11,12,24,453.264,2929.0,318,0,f362a742,cost=DEFERRALS vehicles 17->12 litres 602.9->453.3 iterations=2000 NONE,
G-base-60-4,base-60,60,E0,True,59,0,1,15,8,14,27,474.801,2953.0,6,0,21816ce8,,
G-base-60-4,base-60,60,E1,True,59,0,1,15,8,14,27,474.801,2953.0,30,0,21816ce8,,
G-base-60-4,base-60,60,E2-cpsat,True,59,0,1,15,8,14,27,474.801,2953.0,10017,0,21816ce8,solves=1 cuts=1 unproven=0 cost=unfinished obj=12400.5 bound=3592.2 budget,
G-base-60-4,base-60,60,E2-scip,True,59,0,1,15,8,14,27,474.801,2953.0,10018,0,21816ce8,solves=1 cuts=1 unproven=0 cost=unfinished obj=13421.9 bound=8252.2 budget,
G-base-60-4,base-60,60,E3-alns,True,59,0,1,15,8,12,23,365.123,2525.0,329,0,d552b2e7,iterations=2000 improvements=16,
G-base-60-4,base-60,60,E4-routing,True,57,2,1,15,8,16,22,403.587,2506.0,10013,-1,64871b2b,repaired=2 status=ROUTING_SUCCESS,
G-base-60-4,base-60,60,E5-production,True,59,0,1,15,8,12,23,372.64,2525.0,337,0,78168b47,cost=LOW_UTILISATION vehicles 14->12 litres 474.8->372.6 iterations=2000 NONE,
G-base-60-5,base-60,60,E0,True,59,1,0,19,11,14,28,519.054,3168.0,5,-1,b7cfa893,,
G-base-60-5,base-60,60,E1,True,59,1,0,19,11,14,28,519.054,3168.0,42,-1,b7cfa893,,
G-base-60-5,base-60,60,E2-cpsat,True,60,0,0,19,11,14,27,495.613,3260.0,10011,0,fe31a2a5,solves=2 cuts=0 unproven=0 cost=unfinished obj=14495.6 bound=3109.1,
G-base-60-5,base-60,60,E2-scip,True,60,0,0,19,11,16,31,580.136,3370.0,10035,0,935da4e7,solves=9 cuts=15 unproven=0 cost=unfinished obj=16580.1 bound=10318.0,
G-base-60-5,base-60,60,E3-alns,True,60,0,0,19,11,13,26,489.236,3088.0,577,0,93c7c7c8,iterations=2000 improvements=27,
G-base-60-5,base-60,60,E4-routing,True,60,0,0,19,11,17,26,479.466,2959.0,10015,0,1aca15ca,repaired=0 status=ROUTING_SUCCESS,
G-base-60-5,base-60,60,E5-production,True,60,0,0,19,11,13,25,476.765,2946.0,359,0,472a69f8,cost=DEFERRALS vehicles 14->13 litres 519.1->476.8 iterations=2000 NONE,
G-big-orders-1,big-orders,90,E0,True,75,13,2,22,12,18,36,644.338,3722.0,12,-1,819b89fb,,
G-big-orders-1,big-orders,90,E1,True,75,13,2,22,12,18,36,644.338,3722.0,80,-1,819b89fb,,
G-big-orders-1,big-orders,90,E2-cpsat,True,75,13,2,22,12,18,36,644.338,3722.0,10010,-1,819b89fb,solves=8 cuts=11 unproven=12 cost=unfinished obj=NaN bound=NaN budget,
G-big-orders-1,big-orders,90,E2-scip,True,75,13,2,22,12,18,36,644.338,3722.0,10030,-1,819b89fb,solves=2 cuts=0 unproven=12 cost=unfinished obj=NaN bound=NaN budget,
G-big-orders-1,big-orders,90,E3-alns,True,82,6,2,22,12,18,36,621.04,3608.0,707,-1,6a42bfb0,iterations=2000 improvements=16,
G-big-orders-1,big-orders,90,E4-routing,True,82,6,2,22,12,18,35,614.291,3751.0,10034,-1,ae100263,repaired=0 status=ROUTING_SUCCESS,
G-big-orders-1,big-orders,90,E5-production,True,83,5,2,22,12,18,36,610.628,3611.0,609,0,7fd22bea,cost=DEFERRALS vehicles 18->18 litres 644.3->610.6 iterations=2000 NONE,
G-big-orders-2,big-orders,90,E0,True,90,0,0,23,3,25,48,1015.676,6208.0,16,0,9a301436,,
G-big-orders-2,big-orders,90,E1,True,90,0,0,23,3,25,48,1015.676,6208.0,247,0,9a301436,,
G-big-orders-2,big-orders,90,E2-cpsat,True,90,0,0,23,3,25,48,1015.676,6208.0,10027,0,9a301436,solves=1 cuts=1 unproven=0 cost=unfinished obj=26944.4 bound=13283.0 budget,
G-big-orders-2,big-orders,90,E2-scip,True,90,0,0,23,3,25,48,1015.676,6208.0,10047,0,9a301436,solves=1 cuts=0 unproven=0 cost=unfinished obj=NaN bound=NaN budget,
G-big-orders-2,big-orders,90,E3-alns,True,90,0,0,23,3,20,38,744.528,4867.0,890,0,fc239f8b,iterations=2000 improvements=28,
G-big-orders-2,big-orders,90,E4-routing,True,87,3,0,23,3,24,37,820.36,4763.0,10038,-1,a4e4476f,repaired=3 status=ROUTING_SUCCESS,
G-big-orders-2,big-orders,90,E5-production,True,90,0,0,23,3,20,40,788.532,5213.0,850,0,8b5df13b,cost=LOW_UTILISATION vehicles 25->20 litres 1015.7->788.5 iterations=2000 NONE,
G-big-orders-3,big-orders,90,E0,True,89,1,0,19,10,24,44,959.04,5689.0,14,0,38ab2767,,
G-big-orders-3,big-orders,90,E1,True,89,1,0,19,10,24,44,959.04,5689.0,1132,0,38ab2767,,
G-big-orders-3,big-orders,90,E2-cpsat,True,89,1,0,19,10,19,35,772.167,4897.0,10029,0,507fc38e,solves=2 cuts=0 unproven=0 cost=unfinished obj=19772.2 bound=12348.3,
G-big-orders-3,big-orders,90,E2-scip,True,89,1,0,19,10,24,44,959.04,5689.0,10049,0,38ab2767,solves=2 cuts=3 unproven=0 cost=unfinished obj=24954.1 bound=3605.4 budget,
G-big-orders-3,big-orders,90,E3-alns,True,89,1,0,19,10,18,36,754.788,4917.0,1761,0,c78f8452,iterations=2000 improvements=70,
G-big-orders-3,big-orders,90,E4-routing,True,76,14,0,10,9,22,29,827.438,4629.0,10050,-1,9aed634f,repaired=14 status=ROUTING_SUCCESS,
G-big-orders-3,big-orders,90,E5-production,True,89,1,0,19,10,19,37,782.878,4937.0,1868,0,73dc2eb1,cost=DEFERRALS vehicles 24->19 litres 959.0->782.9 iterations=2000 NONE,
G-big-orders-4,big-orders,90,E0,True,62,20,8,20,9,18,36,714.328,4157.0,12,-1,54690719,,
G-big-orders-4,big-orders,90,E1,True,62,20,8,20,9,18,36,714.328,4157.0,59,-1,54690719,,
G-big-orders-4,big-orders,90,E2-cpsat,True,55,27,8,20,9,18,33,522.0,3166.0,10014,0,8a2a8a63,solves=47 cuts=40 unproven=24 cost=unfinished obj=NaN bound=NaN budget,
G-big-orders-4,big-orders,90,E2-scip,True,34,48,8,20,9,11,21,291.182,1807.0,10024,-1,16531c52,solves=24 cuts=41 unproven=48 cost=unfinished obj=NaN bound=NaN budget,
G-big-orders-4,big-orders,90,E3-alns,True,77,5,8,20,9,18,36,657.106,3962.0,671,-1,19e2bc08,iterations=2000 improvements=33,
G-big-orders-4,big-orders,90,E4-routing,True,74,8,8,19,9,18,36,678.423,4135.0,10024,-1,6c175edd,repaired=1 status=ROUTING_SUCCESS,
G-big-orders-4,big-orders,90,E5-production,True,76,6,8,20,9,18,36,649.685,4008.0,619,-1,246f9c3a,cost=DEFERRALS vehicles 18->18 litres 714.3->649.7 iterations=2000 NONE,
G-big-orders-5,big-orders,90,E0,True,79,7,4,31,5,18,36,629.873,3664.0,12,-1,5f224f9a,,
G-big-orders-5,big-orders,90,E1,True,79,7,4,31,5,18,36,629.873,3664.0,2303,-1,5f224f9a,,
G-big-orders-5,big-orders,90,E2-cpsat,True,81,5,4,31,5,18,36,616.528,3475.0,10019,0,93093dc8,solves=13 cuts=2 unproven=0 cost=unfinished obj=18616.5 bound=4679.3,
G-big-orders-5,big-orders,90,E2-scip,True,79,7,4,31,5,18,36,629.873,3664.0,10028,-1,5f224f9a,solves=6 cuts=1 unproven=3 cost=unfinished obj=NaN bound=NaN budget,
G-big-orders-5,big-orders,90,E3-alns,True,81,5,4,31,5,16,30,538.027,3206.0,2814,0,d56add9,iterations=2000 improvements=21,
G-big-orders-5,big-orders,90,E4-routing,True,79,7,4,29,5,18,31,590.199,3599.0,10031,-1,f0d9ab33,repaired=1 status=ROUTING_SUCCESS,
G-big-orders-5,big-orders,90,E5-production,True,81,5,4,31,5,16,31,529.327,3219.0,2737,0,cbdc442b,cost=DEFERRALS vehicles 18->16 litres 629.9->529.3 iterations=2000 NONE,
G-large-300-1,large-300,300,E0,True,171,129,0,35,23,30,60,1490.066,8323.0,74,-1,124480b9,,
G-large-300-1,large-300,300,E1,True,171,129,0,35,23,30,60,1490.066,8323.0,10032,-1,124480b9,,
G-large-300-1,large-300,300,E2-cpsat,True,171,129,0,35,23,30,60,1490.066,8323.0,10085,-1,124480b9,solves=0 cuts=0 unproven=129 cost=unfinished obj=NaN bound=NaN budget,
G-large-300-1,large-300,300,E2-scip,True,171,129,0,35,23,30,60,1490.066,8323.0,10088,-1,124480b9,solves=0 cuts=0 unproven=129 cost=unfinished obj=NaN bound=NaN budget,
G-large-300-1,large-300,300,E3-alns,True,171,129,0,35,23,30,60,1490.066,8323.0,10083,-1,124480b9,iterations=0 improvements=0 clock,
G-large-300-1,large-300,300,E4-routing,True,87,213,0,34,8,21,37,988.113,5221.0,10272,-1,7674b11,repaired=13 status=ROUTING_PARTIAL_SUCCESS_LOCAL_OPTIMUM_NOT_REACHED,
G-large-300-1,large-300,300,E5-production,True,239,61,0,37,23,30,60,1552.669,8735.0,14724,0,e8c463b2,cost=DEFERRALS vehicles 30->30 litres 1490.1->1552.7 iterations=2000 NONE,
G-large-300-2,large-300,300,E0,True,189,110,1,35,29,30,60,1500.517,8670.0,78,-1,c5b449e3,,
G-large-300-2,large-300,300,E1,True,189,110,1,35,29,30,60,1500.517,8670.0,10396,-1,c5b449e3,,
G-large-300-2,large-300,300,E2-cpsat,True,189,110,1,35,29,30,60,1500.517,8670.0,10485,-1,c5b449e3,solves=0 cuts=0 unproven=110 cost=unfinished obj=NaN bound=NaN budget,
G-large-300-2,large-300,300,E2-scip,True,189,110,1,35,29,30,60,1500.517,8670.0,10462,-1,c5b449e3,solves=0 cuts=0 unproven=110 cost=unfinished obj=NaN bound=NaN budget,
G-large-300-2,large-300,300,E3-alns,True,189,110,1,35,29,30,60,1500.517,8670.0,10479,-1,c5b449e3,iterations=0 improvements=0 clock,
G-large-300-2,large-300,300,E4-routing,True,69,230,1,32,15,22,40,768.113,4432.0,10258,-1,9748b006,repaired=10 status=ROUTING_PARTIAL_SUCCESS_LOCAL_OPTIMUM_NOT_REACHED,
G-large-300-2,large-300,300,E5-production,True,245,54,1,42,29,30,60,1528.085,8759.0,15252,0,fe943cf,cost=DEFERRALS vehicles 30->30 litres 1500.5->1528.1 iterations=2000 NONE,
G-prior-skips-1,prior-skips,90,E0,True,73,16,1,17,43,16,32,560.791,3419.0,11,-1,154cba0b,,
G-prior-skips-1,prior-skips,90,E1,True,75,14,1,20,43,16,32,564.572,3436.0,167,-1,7a3fe2cd,,
G-prior-skips-1,prior-skips,90,E2-cpsat,True,74,15,1,19,45,16,32,556.804,3325.0,10008,0,d32d0701,solves=34 cuts=12 unproven=13 cost=unfinished obj=NaN bound=NaN budget,
G-prior-skips-1,prior-skips,90,E2-scip,True,46,43,1,10,44,16,30,499.224,2971.0,10039,-1,813eaed9,solves=18 cuts=19 unproven=43 cost=unfinished obj=NaN bound=NaN budget,
G-prior-skips-1,prior-skips,90,E3-alns,True,83,6,1,17,45,16,32,566.103,3465.0,879,-1,b22bce65,iterations=2000 improvements=30,
G-prior-skips-1,prior-skips,90,E4-routing,True,78,11,1,17,43,16,30,517.562,2994.0,10033,-1,2338f71e,repaired=6 status=ROUTING_SUCCESS,
G-prior-skips-1,prior-skips,90,E5-production,True,83,6,1,17,45,16,32,555.828,3465.0,884,-1,eb1ea8fd,cost=DEFERRALS vehicles 16->16 litres 564.6->555.8 iterations=2000 NONE,
G-prior-skips-2,prior-skips,90,E0,True,75,14,1,19,42,16,32,559.14,3295.0,11,-1,c37ef5cf,,
G-prior-skips-2,prior-skips,90,E1,True,75,14,1,19,42,16,32,559.14,3295.0,107,-1,c37ef5cf,,
G-prior-skips-2,prior-skips,90,E2-cpsat,True,72,17,1,20,42,16,32,594.308,3565.0,10010,-1,3507c004,solves=39 cuts=19 unproven=14 cost=unfinished obj=NaN bound=NaN budget,
G-prior-skips-2,prior-skips,90,E2-scip,True,54,35,1,17,42,16,32,532.148,3135.0,10027,-1,9e4b852f,solves=16 cuts=17 unproven=35 cost=unfinished obj=NaN bound=NaN budget,
G-prior-skips-2,prior-skips,90,E3-alns,True,83,6,1,20,42,14,28,534.737,3233.0,721,0,17cb82d2,iterations=2000 improvements=26,
G-prior-skips-2,prior-skips,90,E4-routing,True,81,8,1,19,42,16,28,539.602,3273.0,10029,-1,d3b97e26,repaired=1 status=ROUTING_SUCCESS,
G-prior-skips-2,prior-skips,90,E5-production,True,83,6,1,20,42,14,27,492.003,2989.0,505,0,2481409f,cost=DEFERRALS vehicles 16->14 litres 559.1->492.0 iterations=2000 NONE,
G-prior-skips-3,prior-skips,90,E0,True,75,14,1,22,34,16,32,573.992,3515.0,11,-1,7ec62244,,
G-prior-skips-3,prior-skips,90,E1,True,75,14,1,22,34,16,32,573.992,3515.0,710,-1,7ec62244,,
G-prior-skips-3,prior-skips,90,E2-cpsat,True,60,29,1,22,34,16,32,559.052,3408.0,10012,0,a793d537,solves=29 cuts=10 unproven=26 cost=unfinished obj=NaN bound=NaN budget,
G-prior-skips-3,prior-skips,90,E2-scip,True,42,47,1,19,34,11,20,260.4,1514.0,10062,-1,c228e052,solves=11 cuts=10 unproven=46 cost=unfinished obj=NaN bound=NaN budget,
G-prior-skips-3,prior-skips,90,E3-alns,True,83,6,1,22,34,15,29,549.661,3475.0,1075,-1,ac392f61,iterations=2000 improvements=19,
G-prior-skips-3,prior-skips,90,E4-routing,True,82,7,1,24,33,16,29,583.347,3576.0,10032,-1,adb1be47,repaired=0 status=ROUTING_SUCCESS,
G-prior-skips-3,prior-skips,90,E5-production,True,83,6,1,22,34,15,30,554.68,3519.0,1066,-1,cf49bc65,cost=DEFERRALS vehicles 16->15 litres 574.0->554.7 iterations=2000 NONE,
G-prior-skips-4,prior-skips,90,E0,True,90,0,0,16,36,23,45,1070.908,6492.0,14,0,8a148ffa,,
G-prior-skips-4,prior-skips,90,E1,True,90,0,0,16,36,23,45,1070.908,6492.0,60,0,8a148ffa,,
G-prior-skips-4,prior-skips,90,E2-cpsat,True,90,0,0,16,36,23,45,1070.908,6492.0,10028,0,8a148ffa,solves=1 cuts=0 unproven=0 cost=unfinished obj=26065.5 bound=2713.2,
G-prior-skips-4,prior-skips,90,E2-scip,True,90,0,0,16,36,23,45,1070.908,6492.0,10048,0,8a148ffa,solves=1 cuts=4 unproven=0 cost=unfinished obj=22981.8 bound=2762.0 budget,
G-prior-skips-4,prior-skips,90,E3-alns,True,90,0,0,16,36,16,31,718.521,4723.0,648,0,88413803,iterations=2000 improvements=52,
G-prior-skips-4,prior-skips,90,E4-routing,True,87,3,0,14,36,20,30,836.295,4627.0,10031,-1,e2e5959b,repaired=3 status=ROUTING_SUCCESS,
G-prior-skips-4,prior-skips,90,E5-production,True,90,0,0,16,36,16,31,717.787,4723.0,751,0,20e67525,cost=LOW_UTILISATION vehicles 23->16 litres 1070.9->717.8 iterations=2000 NONE,
G-prior-skips-5,prior-skips,90,E0,True,90,0,0,19,43,22,42,926.61,5701.0,23,0,64d2d750,,
G-prior-skips-5,prior-skips,90,E1,True,90,0,0,19,43,22,42,926.61,5701.0,163,0,64d2d750,,
G-prior-skips-5,prior-skips,90,E2-cpsat,True,90,0,0,19,43,22,42,926.61,5701.0,10034,0,64d2d750,solves=1 cuts=2 unproven=0 cost=unfinished obj=19799.7 bound=2234.6 budget,
G-prior-skips-5,prior-skips,90,E2-scip,True,90,0,0,19,43,22,42,926.61,5701.0,10048,0,64d2d750,solves=1 cuts=4 unproven=0 cost=unfinished obj=25022.2 bound=4284.0 budget,
G-prior-skips-5,prior-skips,90,E3-alns,True,90,0,0,19,43,15,30,652.837,4404.0,607,0,1291b984,iterations=2000 improvements=48,
G-prior-skips-5,prior-skips,90,E4-routing,True,84,6,0,18,43,21,27,664.094,4101.0,10031,-1,10565c0,repaired=6 status=ROUTING_SUCCESS,
G-prior-skips-5,prior-skips,90,E5-production,True,90,0,0,19,43,15,30,680.235,4471.0,530,0,cf25f61,cost=LOW_UTILISATION vehicles 22->15 litres 926.6->680.2 iterations=2000 NONE,
G-reefer-short-1,reefer-short,90,E0,True,64,24,2,25,9,15,30,413.684,2631.0,10,-1,7518a514,,
G-reefer-short-1,reefer-short,90,E1,True,64,24,2,25,9,15,30,413.684,2631.0,10036,-1,7518a514,,
G-reefer-short-1,reefer-short,90,E2-cpsat,True,64,24,2,25,9,15,30,413.684,2631.0,10058,-1,7518a514,solves=0 cuts=0 unproven=24 cost=unfinished obj=NaN bound=NaN budget,
G-reefer-short-1,reefer-short,90,E2-scip,True,64,24,2,25,9,15,30,413.684,2631.0,10049,-1,7518a514,solves=0 cuts=0 unproven=24 cost=unfinished obj=NaN bound=NaN budget,
G-reefer-short-1,reefer-short,90,E3-alns,True,64,24,2,25,9,15,30,413.684,2631.0,10042,-1,7518a514,iterations=0 improvements=0 clock,
G-reefer-short-1,reefer-short,90,E4-routing,True,70,18,2,28,9,15,29,409.724,2537.0,10034,-1,ac97741d,repaired=2 status=ROUTING_SUCCESS,
G-reefer-short-1,reefer-short,90,E5-production,True,68,20,2,25,9,15,29,431.651,2806.0,11004,0,3e1de2f2,cost=DEFERRALS vehicles 15->15 litres 413.7->431.7 iterations=2000 NONE,
G-reefer-short-2,reefer-short,90,E0,True,82,8,0,27,11,19,36,836.678,5163.0,13,-1,730a2bed,,
G-reefer-short-2,reefer-short,90,E1,True,79,11,0,24,11,19,36,853.396,5187.0,10070,-1,b39f0c76,,
G-reefer-short-2,reefer-short,90,E2-cpsat,True,80,10,0,25,11,19,36,852.51,5337.0,10017,-1,50b15f2c,solves=0 cuts=0 unproven=10 cost=unfinished obj=NaN bound=NaN budget,
G-reefer-short-2,reefer-short,90,E2-scip,True,79,11,0,24,11,19,36,853.396,5187.0,10080,-1,b39f0c76,solves=0 cuts=0 unproven=11 cost=unfinished obj=NaN bound=NaN budget,
G-reefer-short-2,reefer-short,90,E3-alns,True,80,10,0,25,11,19,36,852.51,5337.0,10009,-1,e17a692c,iterations=0 improvements=0 clock,
G-reefer-short-2,reefer-short,90,E4-routing,True,75,15,0,20,11,17,29,817.872,4530.0,10028,-1,16e3ef66,repaired=2 status=ROUTING_SUCCESS,
G-reefer-short-2,reefer-short,90,E5-production,True,81,9,0,26,11,17,33,780.831,5032.0,10519,0,cb9d141a,cost=DEFERRALS vehicles 19->17 litres 852.5->780.8 iterations=2000 NONE,
G-reefer-short-3,reefer-short,90,E0,True,70,20,0,25,1,18,35,851.561,4908.0,12,-1,1d5e545f,,
G-reefer-short-3,reefer-short,90,E1,True,70,20,0,25,1,18,35,851.561,4908.0,10135,-1,1d5e545f,,
G-reefer-short-3,reefer-short,90,E2-cpsat,True,70,20,0,25,1,18,35,851.561,4908.0,10149,-1,1d5e545f,solves=0 cuts=0 unproven=20 cost=unfinished obj=NaN bound=NaN budget,
G-reefer-short-3,reefer-short,90,E2-scip,True,70,20,0,25,1,18,35,851.561,4908.0,10143,-1,1d5e545f,solves=0 cuts=0 unproven=20 cost=unfinished obj=NaN bound=NaN budget,
G-reefer-short-3,reefer-short,90,E3-alns,True,70,20,0,25,1,18,35,851.561,4908.0,10149,-1,1d5e545f,iterations=0 improvements=0 clock,
G-reefer-short-3,reefer-short,90,E4-routing,True,67,23,0,24,1,17,28,761.294,4133.0,10035,-1,9dd36443,repaired=9 status=ROUTING_SUCCESS,
G-reefer-short-3,reefer-short,90,E5-production,True,76,14,0,31,1,15,29,679.229,4189.0,10920,0,5d4ef11,cost=DEFERRALS vehicles 18->15 litres 851.6->679.2 iterations=2000 NONE,
G-reefer-short-4,reefer-short,90,E0,True,75,15,0,29,8,19,37,768.438,4762.0,13,-1,d13fce58,,
G-reefer-short-4,reefer-short,90,E1,True,75,15,0,29,8,19,37,768.438,4762.0,10041,-1,d13fce58,,
G-reefer-short-4,reefer-short,90,E2-cpsat,True,75,15,0,29,8,19,37,768.438,4762.0,10049,-1,d13fce58,solves=0 cuts=0 unproven=15 cost=unfinished obj=NaN bound=NaN budget,
G-reefer-short-4,reefer-short,90,E2-scip,True,75,15,0,29,8,19,37,768.438,4762.0,10040,-1,d13fce58,solves=0 cuts=0 unproven=15 cost=unfinished obj=NaN bound=NaN budget,
G-reefer-short-4,reefer-short,90,E3-alns,True,75,15,0,29,8,19,37,768.438,4762.0,10038,-1,d13fce58,iterations=0 improvements=0 clock,
G-reefer-short-4,reefer-short,90,E4-routing,True,73,17,0,29,8,16,28,697.631,3911.0,10029,0,bca34aef,repaired=3 status=ROUTING_SUCCESS,
G-reefer-short-4,reefer-short,90,E5-production,True,76,14,0,30,8,15,30,636.841,4209.0,10854,-1,e8a0036b,cost=DEFERRALS vehicles 19->15 litres 768.4->636.8 iterations=2000 NONE,
G-reefer-short-5,reefer-short,90,E0,True,66,24,0,28,10,14,28,455.617,2837.0,9,-1,522cf696,,
G-reefer-short-5,reefer-short,90,E1,True,66,24,0,28,10,14,28,455.617,2837.0,10954,-1,522cf696,,
G-reefer-short-5,reefer-short,90,E2-cpsat,True,66,24,0,28,10,14,28,455.617,2837.0,10967,-1,522cf696,solves=0 cuts=0 unproven=24 cost=unfinished obj=NaN bound=NaN budget,
G-reefer-short-5,reefer-short,90,E2-scip,True,66,24,0,28,10,14,28,455.617,2837.0,11017,-1,522cf696,solves=0 cuts=0 unproven=24 cost=unfinished obj=NaN bound=NaN budget,
G-reefer-short-5,reefer-short,90,E3-alns,True,66,24,0,28,10,14,28,455.617,2837.0,10919,-1,522cf696,iterations=0 improvements=0 clock,
G-reefer-short-5,reefer-short,90,E4-routing,True,53,37,0,21,10,14,24,361.567,2066.0,10033,-1,8ad084de,repaired=10 status=ROUTING_SUCCESS,
G-reefer-short-5,reefer-short,90,E5-production,True,67,23,0,28,10,13,25,374.082,2523.0,11659,0,ea31a5cd,cost=DEFERRALS vehicles 14->13 litres 455.6->374.1 iterations=2000 NONE,
G-tight-fuel-1,tight-fuel,90,E0,True,90,0,0,24,13,24,42,871.398,5291.0,22,0,3f76f05c,,
G-tight-fuel-1,tight-fuel,90,E1,True,90,0,0,24,13,24,42,871.398,5291.0,4377,0,3f76f05c,,
G-tight-fuel-1,tight-fuel,90,E2-cpsat,True,90,0,0,24,13,24,42,871.398,5291.0,10048,0,3f76f05c,solves=1 cuts=2 unproven=0 cost=unfinished obj=24802.1 bound=3756.7 budget,
G-tight-fuel-1,tight-fuel,90,E2-scip,True,90,0,0,24,13,24,42,871.398,5291.0,10095,0,3f76f05c,solves=1 cuts=4 unproven=0 cost=unfinished obj=23909.8 bound=4237.6 budget,
G-tight-fuel-1,tight-fuel,90,E3-alns,True,90,0,0,24,13,17,31,696.472,4377.0,4826,0,c2a5fd11,iterations=2000 improvements=33,
G-tight-fuel-1,tight-fuel,90,E4-routing,True,90,0,0,24,13,22,30,783.337,4357.0,10029,0,3964f2a0,repaired=0 status=ROUTING_SUCCESS,
G-tight-fuel-1,tight-fuel,90,E5-production,True,90,0,0,24,13,17,31,694.297,4348.0,4962,0,4be10035,cost=LOW_UTILISATION vehicles 24->17 litres 871.4->694.3 iterations=2000 NONE,
G-tight-fuel-2,tight-fuel,90,E0,True,80,10,0,20,9,18,35,693.258,4040.0,11,-1,283b74bb,,
G-tight-fuel-2,tight-fuel,90,E1,True,80,10,0,20,9,18,35,693.258,4040.0,61,-1,283b74bb,,
G-tight-fuel-2,tight-fuel,90,E2-cpsat,True,79,11,0,20,9,18,36,674.032,4024.0,10010,-1,86f24b7e,solves=29 cuts=12 unproven=9 cost=unfinished obj=NaN bound=NaN budget,
G-tight-fuel-2,tight-fuel,90,E2-scip,True,64,26,0,20,9,18,34,608.481,3651.0,10038,-1,80e9d366,solves=8 cuts=11 unproven=26 cost=unfinished obj=NaN bound=NaN budget,
G-tight-fuel-2,tight-fuel,90,E3-alns,True,85,5,0,20,9,15,29,606.705,3774.0,743,0,f47d5164,iterations=2000 improvements=34,
G-tight-fuel-2,tight-fuel,90,E4-routing,True,79,11,0,17,9,18,29,671.887,3854.0,10031,-1,b52dbc02,repaired=3 status=ROUTING_SUCCESS,
G-tight-fuel-2,tight-fuel,90,E5-production,True,85,5,0,20,9,15,29,601.312,3774.0,634,0,d69c1bce,cost=DEFERRALS vehicles 18->15 litres 693.3->601.3 iterations=2000 NONE,
G-tight-fuel-3,tight-fuel,90,E0,True,90,0,0,18,12,23,43,1066.701,6249.0,15,0,3e4b50a2,,
G-tight-fuel-3,tight-fuel,90,E1,True,90,0,0,18,12,23,43,1066.701,6249.0,69,0,3e4b50a2,,
G-tight-fuel-3,tight-fuel,90,E2-cpsat,True,90,0,0,18,12,23,43,1066.701,6249.0,10030,0,3e4b50a2,solves=1 cuts=1 unproven=0 cost=unfinished obj=23946.5 bound=3236.5 budget,
G-tight-fuel-3,tight-fuel,90,E2-scip,True,90,0,0,18,12,23,43,1066.701,6249.0,10053,0,3e4b50a2,solves=1 cuts=6 unproven=0 cost=unfinished obj=24976.1 bound=4934.0 budget,
G-tight-fuel-3,tight-fuel,90,E3-alns,True,90,0,0,18,12,17,33,751.879,4861.0,677,0,3ee1675a,iterations=2000 improvements=49,
G-tight-fuel-3,tight-fuel,90,E4-routing,True,83,7,0,16,12,21,27,744.468,4312.0,10035,-1,ae8cc445,repaired=7 status=ROUTING_SUCCESS,
G-tight-fuel-3,tight-fuel,90,E5-production,True,90,0,0,18,12,18,32,749.083,4631.0,798,0,9e499df,cost=LOW_UTILISATION vehicles 23->18 litres 1066.7->749.1 iterations=2000 NONE,
G-tight-fuel-4,tight-fuel,90,E0,True,90,0,0,18,10,23,43,1040.802,6417.0,15,0,d898f861,,
G-tight-fuel-4,tight-fuel,90,E1,True,90,0,0,18,10,23,43,1040.802,6417.0,54,0,d898f861,,
G-tight-fuel-4,tight-fuel,90,E2-cpsat,True,90,0,0,18,10,23,43,1040.802,6417.0,10027,0,d898f861,solves=1 cuts=5 unproven=0 cost=unfinished obj=19855.6 bound=4177.6 budget,
G-tight-fuel-4,tight-fuel,90,E2-scip,True,90,0,0,18,10,23,43,1040.802,6417.0,10043,0,d898f861,solves=1 cuts=4 unproven=0 cost=unfinished obj=25089.9 bound=3194.1 budget,
G-tight-fuel-4,tight-fuel,90,E3-alns,True,90,0,0,18,10,16,31,753.492,5090.0,709,0,31c2f002,iterations=2000 improvements=42,
G-tight-fuel-4,tight-fuel,90,E4-routing,True,88,2,0,18,10,22,29,839.088,4832.0,10029,-1,23f3c482,repaired=2 status=ROUTING_SUCCESS,
G-tight-fuel-4,tight-fuel,90,E5-production,True,90,0,0,18,10,16,32,748.486,5110.0,626,0,1242ed0a,cost=LOW_UTILISATION vehicles 23->16 litres 1040.8->748.5 iterations=2000 NONE,
G-tight-fuel-5,tight-fuel,90,E0,True,90,0,0,14,7,23,42,935.994,5908.0,16,0,f4c48b88,,
G-tight-fuel-5,tight-fuel,90,E1,True,90,0,0,14,7,23,42,935.994,5908.0,38,0,f4c48b88,,
G-tight-fuel-5,tight-fuel,90,E2-cpsat,True,90,0,0,14,7,23,42,922.845,5908.0,10031,0,b3af3cb2,solves=1 cuts=0 unproven=0 cost=unfinished obj=23922.8 bound=3189.8,
G-tight-fuel-5,tight-fuel,90,E2-scip,True,90,0,0,14,7,23,42,935.994,5908.0,10046,0,f4c48b88,solves=1 cuts=4 unproven=0 cost=unfinished obj=25083.5 bound=3765.8 budget,
G-tight-fuel-5,tight-fuel,90,E3-alns,True,90,0,0,14,7,17,33,730.307,5074.0,473,0,ab96c823,iterations=2000 improvements=40,
G-tight-fuel-5,tight-fuel,90,E4-routing,True,88,2,0,14,7,22,29,823.698,4700.0,10030,-1,d87d526e,repaired=2 status=ROUTING_SUCCESS,
G-tight-fuel-5,tight-fuel,90,E5-production,True,90,0,0,14,7,17,33,700.682,4890.0,503,0,2506c937,cost=LOW_UTILISATION vehicles 23->17 litres 936.0->700.7 iterations=2000 NONE,
H-2026-02-09-Kan-out0,historic,52,E0,True,52,0,0,19,0,12,22,461.74,2878.0,7,0,8b5087f3,,
H-2026-02-09-Kan-out0,historic,52,E1,True,52,0,0,19,0,12,22,461.74,2878.0,81,0,8b5087f3,,
H-2026-02-09-Kan-out0,historic,52,E2-cpsat,True,52,0,0,19,0,12,22,461.74,2878.0,10016,0,8b5087f3,solves=1 cuts=2 unproven=0 cost=unfinished obj=10345.9 bound=2088.7 budget,
H-2026-02-09-Kan-out0,historic,52,E2-scip,True,52,0,0,19,0,12,22,461.74,2878.0,10028,0,8b5087f3,solves=1 cuts=0 unproven=0 cost=unfinished obj=13429.5 bound=6745.9,
H-2026-02-09-Kan-out0,historic,52,E3-alns,True,52,0,0,19,0,11,18,377.346,2352.0,411,0,40e65a63,iterations=2000 improvements=14,
H-2026-02-09-Kan-out0,historic,52,E4-routing,True,52,0,0,19,0,13,17,385.122,2282.0,10014,0,f931c8ea,repaired=0 status=ROUTING_SUCCESS,
H-2026-02-09-Kan-out0,historic,52,E5-production,True,52,0,0,19,0,11,16,340.688,2269.0,494,0,1f813ac4,cost=LOW_UTILISATION vehicles 12->11 litres 461.7->340.7 iterations=2000 NONE,
H-2026-02-09-Kan-out25,historic,52,E0,True,52,0,0,19,0,12,22,437.92,2878.0,5,0,5f308520,,
H-2026-02-09-Kan-out25,historic,52,E1,True,52,0,0,19,0,12,22,437.92,2878.0,76,0,5f308520,,
H-2026-02-09-Kan-out25,historic,52,E2-cpsat,True,52,0,0,19,0,12,22,437.92,2878.0,10012,0,5f308520,solves=1 cuts=2 unproven=0 cost=unfinished obj=10325.5 bound=2090.4 budget,
H-2026-02-09-Kan-out25,historic,52,E2-scip,True,52,0,0,19,0,12,22,437.92,2878.0,10080,0,5f308520,solves=1 cuts=0 unproven=0 cost=unfinished obj=NaN bound=NaN budget,
H-2026-02-09-Kan-out25,historic,52,E3-alns,True,52,0,0,19,0,10,17,355.555,2282.0,377,0,a881d591,iterations=2000 improvements=13,
H-2026-02-09-Kan-out25,historic,52,E4-routing,True,49,3,0,18,0,11,16,349.864,2253.0,10017,-1,21983e1e,repaired=2 status=ROUTING_SUCCESS,
H-2026-02-09-Kan-out25,historic,52,E5-production,True,52,0,0,19,0,11,17,350.386,2282.0,292,0,a82d2ab7,cost=LOW_UTILISATION vehicles 12->11 litres 437.9->350.4 iterations=2000 NONE,
H-2026-02-09-Kan-out40,historic,52,E0,True,43,9,0,18,0,11,20,417.16,2581.0,4,-1,56985053,,
H-2026-02-09-Kan-out40,historic,52,E1,True,44,8,0,19,0,11,21,448.662,2784.0,58,0,49c91ff6,,
H-2026-02-09-Kan-out40,historic,52,E2-cpsat,True,44,8,0,19,0,11,21,448.662,2784.0,10010,0,49c91ff6,solves=9 cuts=2 unproven=0 cost=unfinished obj=9344.5 bound=5101.8 budget,
H-2026-02-09-Kan-out40,historic,52,E2-scip,True,44,8,0,19,0,11,21,448.662,2784.0,10050,0,49c91ff6,solves=9 cuts=0 unproven=0 cost=unfinished obj=NaN bound=NaN budget,
H-2026-02-09-Kan-out40,historic,52,E3-alns,True,44,8,0,19,0,9,16,345.195,2245.0,350,0,7cf3fc40,iterations=2000 improvements=13,
H-2026-02-09-Kan-out40,historic,52,E4-routing,True,50,2,0,18,0,10,15,332.695,2006.0,10014,-1,1ff0f492,repaired=0 status=ROUTING_SUCCESS,
H-2026-02-09-Kan-out40,historic,52,E5-production,True,44,8,0,19,0,9,16,345.593,2245.0,366,0,afb83efa,cost=DEFERRALS vehicles 11->9 litres 448.7->345.6 iterations=2000 NONE,
H-2026-02-09-Pel-out0,historic,82,E0,True,82,0,0,30,0,18,33,872.371,5333.0,27,0,98514670,,
H-2026-02-09-Pel-out0,historic,82,E1,True,82,0,0,30,0,18,33,872.371,5333.0,1669,0,98514670,,
H-2026-02-09-Pel-out0,historic,82,E2-cpsat,True,82,0,0,30,0,18,33,868.874,5333.0,10036,0,48b7dbb0,solves=1 cuts=0 unproven=0 cost=unfinished obj=18868.9 bound=137.2,
H-2026-02-09-Pel-out0,historic,82,E2-scip,True,82,0,0,30,0,18,33,872.371,5333.0,10057,0,98514670,solves=1 cuts=5 unproven=0 cost=unfinished obj=19871.3 bound=2021.9 budget,
H-2026-02-09-Pel-out0,historic,82,E3-alns,True,82,0,0,30,0,14,22,567.877,3539.0,2253,0,5f79e049,iterations=2000 improvements=45,
H-2026-02-09-Pel-out0,historic,82,E4-routing,True,82,0,0,30,0,16,18,583.347,3459.0,10040,0,17d269ed,repaired=0 status=ROUTING_SUCCESS,
H-2026-02-09-Pel-out0,historic,82,E5-production,True,82,0,0,30,0,14,25,605.971,3724.0,2260,0,50488563,cost=LOW_UTILISATION vehicles 18->14 litres 872.4->606.0 iterations=2000 NONE,
H-2026-02-09-Pel-out25,historic,82,E0,True,79,3,0,27,0,18,33,887.773,5350.0,14,-1,fcba01a9,,
H-2026-02-09-Pel-out25,historic,82,E1,True,82,0,0,30,0,18,32,868.853,5300.0,2029,0,d44fb6e4,,
H-2026-02-09-Pel-out25,historic,82,E2-cpsat,True,82,0,0,30,0,18,32,868.853,5300.0,10022,0,d44fb6e4,solves=1 cuts=1 unproven=0 cost=unfinished obj=18780.4 bound=147.5 budget,
H-2026-02-09-Pel-out25,historic,82,E2-scip,True,82,0,0,30,0,18,32,868.853,5300.0,10044,0,d44fb6e4,solves=1 cuts=5 unproven=0 cost=unfinished obj=19888.4 bound=5626.0 budget,
H-2026-02-09-Pel-out25,historic,82,E3-alns,True,82,0,0,30,0,14,24,597.798,3742.0,2699,0,4c0d0a48,iterations=2000 improvements=45,
H-2026-02-09-Pel-out25,historic,82,E4-routing,True,80,2,0,28,0,15,20,624.637,3481.0,10041,-1,752be723,repaired=2 status=ROUTING_SUCCESS,
H-2026-02-09-Pel-out25,historic,82,E5-production,True,82,0,0,30,0,14,25,599.837,3782.0,2853,0,57180418,cost=LOW_UTILISATION vehicles 18->14 litres 868.9->599.8 iterations=2000 NONE,
H-2026-02-09-Pel-out40,historic,82,E0,True,69,13,0,20,0,15,28,738.169,4897.0,11,-1,3253b27e,,
H-2026-02-09-Pel-out40,historic,82,E1,True,74,8,0,25,0,15,28,708.384,4649.0,2384,0,41507947,,
H-2026-02-09-Pel-out40,historic,82,E2-cpsat,True,74,8,0,25,0,15,28,708.384,4649.0,10013,0,41507947,solves=7 cuts=15 unproven=8 cost=unfinished obj=NaN bound=NaN budget,
H-2026-02-09-Pel-out40,historic,82,E2-scip,True,74,8,0,25,0,15,28,708.384,4649.0,10028,0,41507947,solves=4 cuts=8 unproven=8 cost=unfinished obj=NaN bound=NaN budget,
H-2026-02-09-Pel-out40,historic,82,E3-alns,True,74,8,0,25,0,13,23,572.018,3792.0,2905,0,3b819997,iterations=2000 improvements=16,
H-2026-02-09-Pel-out40,historic,82,E4-routing,True,66,16,0,16,0,14,19,551.507,3372.0,10030,-1,2aa70244,repaired=5 status=ROUTING_SUCCESS,
H-2026-02-09-Pel-out40,historic,82,E5-production,True,74,8,0,25,0,13,20,532.425,3522.0,3177,0,9b450e27,cost=DEFERRALS vehicles 15->13 litres 708.4->532.4 iterations=2000 NONE,
H-2026-02-12-Kan-out0,historic,58,E0,True,58,0,0,21,0,14,25,456.288,2790.0,8,0,4c9cb2d5,,
H-2026-02-12-Kan-out0,historic,58,E1,True,58,0,0,21,0,14,25,456.288,2790.0,342,0,4c9cb2d5,,
H-2026-02-12-Kan-out0,historic,58,E2-cpsat,True,58,0,0,21,0,14,25,456.288,2790.0,10014,0,4c9cb2d5,solves=1 cuts=2 unproven=0 cost=unfinished obj=11366.5 bound=2050.8 budget,
H-2026-02-12-Kan-out0,historic,58,E2-scip,True,58,0,0,21,0,13,25,411.647,2476.0,10025,0,182095fc,solves=1 cuts=0 unproven=0 cost=unfinished obj=13411.6 bound=6707.3,
H-2026-02-12-Kan-out0,historic,58,E3-alns,True,58,0,0,21,0,11,19,335.064,2109.0,712,0,41d656f6,iterations=2000 improvements=15,
H-2026-02-12-Kan-out0,historic,58,E4-routing,True,58,0,0,21,0,14,18,328.292,2039.0,10019,0,43add2fa,repaired=0 status=ROUTING_SUCCESS,
H-2026-02-12-Kan-out0,historic,58,E5-production,True,58,0,0,21,0,11,18,314.688,2039.0,771,0,433dfcf0,cost=LOW_UTILISATION vehicles 14->11 litres 456.3->314.7 iterations=2000 NONE,
H-2026-02-12-Kan-out25,historic,58,E0,True,55,3,0,18,0,14,25,465.1,2812.0,6,-1,d3a95a54,,
H-2026-02-12-Kan-out25,historic,58,E1,True,58,0,0,21,0,14,26,460.719,2777.0,315,0,b5930af6,,
H-2026-02-12-Kan-out25,historic,58,E2-cpsat,True,58,0,0,21,0,14,26,460.719,2777.0,10011,0,b5930af6,solves=1 cuts=3 unproven=0 cost=unfinished obj=12383.3 bound=2053.5 budget,
H-2026-02-12-Kan-out25,historic,58,E2-scip,True,58,0,0,21,0,12,24,408.771,2463.0,10022,0,3284b269,solves=1 cuts=0 unproven=0 cost=unfinished obj=12408.8 bound=6703.4,
H-2026-02-12-Kan-out25,historic,58,E3-alns,True,58,0,0,21,0,11,17,329.478,2026.0,578,0,83c3ed61,iterations=2000 improvements=18,
H-2026-02-12-Kan-out25,historic,58,E4-routing,True,54,4,0,17,0,13,19,378.297,2180.0,10019,-1,851e1d07,repaired=0 status=ROUTING_SUCCESS,
H-2026-02-12-Kan-out25,historic,58,E5-production,True,58,0,0,21,0,10,19,320.471,2109.0,643,0,5d392f26,cost=LOW_UTILISATION vehicles 14->10 litres 460.7->320.5 iterations=2000 NONE,
H-2026-02-12-Kan-out40,historic,58,E0,True,51,7,0,15,0,12,22,396.068,2684.0,6,-1,2edd0ec2,,
H-2026-02-12-Kan-out40,historic,58,E1,True,53,5,0,17,0,12,23,376.907,2563.0,780,-1,8263ed19,,
H-2026-02-12-Kan-out40,historic,58,E2-cpsat,True,54,4,0,17,0,13,25,419.045,2721.0,10007,0,4ac393e,solves=6 cuts=3 unproven=0 cost=unfinished obj=11347.6 bound=2056.2 budget,
H-2026-02-12-Kan-out40,historic,58,E2-scip,True,53,5,0,17,0,12,23,376.907,2563.0,10034,-1,8263ed19,solves=2 cuts=0 unproven=4 cost=unfinished obj=NaN bound=NaN budget,
H-2026-02-12-Kan-out40,historic,58,E3-alns,True,54,4,0,17,0,10,17,295.21,2014.0,1176,0,1084f27c,iterations=2000 improvements=13,
H-2026-02-12-Kan-out40,historic,58,E4-routing,True,52,6,0,15,0,12,17,294.781,1840.0,10021,-1,6c73342f,repaired=0 status=ROUTING_SUCCESS,
H-2026-02-12-Kan-out40,historic,58,E5-production,True,54,4,0,17,0,10,17,294.464,2014.0,1056,0,dfa39eac,cost=DEFERRALS vehicles 12->10 litres 376.9->294.5 iterations=2000 NONE,
H-2026-02-12-Pel-out0,historic,93,E0,True,93,0,0,38,0,20,39,925.432,5669.0,18,0,b983ebf3,,
H-2026-02-12-Pel-out0,historic,93,E1,True,93,0,0,38,0,20,39,925.432,5669.0,10098,0,b983ebf3,,
H-2026-02-12-Pel-out0,historic,93,E2-cpsat,True,93,0,0,38,0,20,39,925.432,5669.0,10084,0,b983ebf3,solves=0 cuts=0 unproven=0 cost=unfinished obj=NaN bound=NaN budget,
H-2026-02-12-Pel-out0,historic,93,E2-scip,True,93,0,0,38,0,20,39,925.432,5669.0,10055,0,b983ebf3,solves=0 cuts=0 unproven=0 cost=unfinished obj=NaN bound=NaN budget,
H-2026-02-12-Pel-out0,historic,93,E3-alns,True,93,0,0,38,0,20,39,925.432,5669.0,10422,0,b983ebf3,iterations=0 improvements=0 clock,
H-2026-02-12-Pel-out0,historic,93,E4-routing,True,91,2,0,38,0,18,21,581.711,3517.0,10099,-1,be0dbff3,repaired=2 status=ROUTING_SUCCESS,
H-2026-02-12-Pel-out0,historic,93,E5-production,True,93,0,0,38,0,15,24,562.692,3404.0,11510,0,ea9683e6,cost=LOW_UTILISATION vehicles 20->15 litres 925.4->562.7 iterations=2000 NONE,
H-2026-02-12-Pel-out25,historic,93,E0,True,86,7,0,31,0,18,35,817.184,5276.0,15,-1,c291494,,
H-2026-02-12-Pel-out25,historic,93,E1,True,86,7,0,31,0,18,35,817.184,5276.0,10064,-1,c291494,,
H-2026-02-12-Pel-out25,historic,93,E2-cpsat,True,86,7,0,31,0,18,35,817.184,5276.0,10168,-1,c291494,solves=0 cuts=0 unproven=7 cost=unfinished obj=NaN bound=NaN budget,
H-2026-02-12-Pel-out25,historic,93,E2-scip,True,86,7,0,31,0,18,35,817.184,5276.0,10091,-1,c291494,solves=0 cuts=0 unproven=7 cost=unfinished obj=NaN bound=NaN budget,
H-2026-02-12-Pel-out25,historic,93,E3-alns,True,86,7,0,31,0,18,35,817.184,5276.0,10016,-1,c291494,iterations=0 improvements=0 clock,
H-2026-02-12-Pel-out25,historic,93,E4-routing,True,75,18,0,25,0,16,22,632.397,3473.0,10051,-1,40353db8,repaired=8 status=ROUTING_SUCCESS,
H-2026-02-12-Pel-out25,historic,93,E5-production,True,93,0,0,38,0,15,27,556.74,3620.0,10874,0,d7321e78,cost=DEFERRALS vehicles 18->15 litres 817.2->556.7 iterations=2000 NONE,
H-2026-02-12-Pel-out40,historic,93,E0,True,74,19,0,22,0,15,30,762.624,4658.0,13,-1,a59d337,,
H-2026-02-12-Pel-out40,historic,93,E1,True,74,19,0,22,0,15,30,762.624,4658.0,10005,-1,a59d337,,
H-2026-02-12-Pel-out40,historic,93,E2-cpsat,True,74,19,0,22,0,15,30,762.624,4658.0,10005,-1,a59d337,solves=0 cuts=0 unproven=19 cost=unfinished obj=NaN bound=NaN budget,
H-2026-02-12-Pel-out40,historic,93,E2-scip,True,74,19,0,22,0,15,30,762.624,4658.0,10005,-1,a59d337,solves=0 cuts=0 unproven=19 cost=unfinished obj=NaN bound=NaN budget,
H-2026-02-12-Pel-out40,historic,93,E3-alns,True,74,19,0,22,0,15,30,762.624,4658.0,10005,-1,a59d337,iterations=0 improvements=0 clock,
H-2026-02-12-Pel-out40,historic,93,E4-routing,True,71,22,0,20,0,15,20,562.739,3095.0,10038,-1,e933c5d5,repaired=9 status=ROUTING_SUCCESS,
H-2026-02-12-Pel-out40,historic,93,E5-production,True,79,14,0,27,0,13,23,553.057,3317.0,10631,0,3819b473,cost=DEFERRALS vehicles 15->13 litres 762.6->553.1 iterations=2000 NONE,
H-2026-02-13-Kan-out0,historic,50,E0,True,50,0,0,19,0,11,18,354.99,2241.0,6,0,ceec6974,,
H-2026-02-13-Kan-out0,historic,50,E1,True,50,0,0,19,0,11,18,354.99,2241.0,92,0,ceec6974,,
H-2026-02-13-Kan-out0,historic,50,E2-cpsat,True,50,0,0,19,0,11,18,354.99,2241.0,10036,0,ceec6974,solves=1 cuts=1 unproven=0 cost=unfinished obj=10274.3 bound=1046.9 budget,
H-2026-02-13-Kan-out0,historic,50,E2-scip,True,50,0,0,19,0,11,18,354.99,2241.0,10083,0,ceec6974,solves=1 cuts=2 unproven=0 cost=unfinished obj=11314.0 bound=5784.3 budget,
H-2026-02-13-Kan-out0,historic,50,E3-alns,True,50,0,0,19,0,10,14,271.656,1715.0,529,0,8ef2d58a,iterations=2000 improvements=17,
H-2026-02-13-Kan-out0,historic,50,E4-routing,True,50,0,0,19,0,10,14,314.922,1715.0,10018,0,2d4885b9,repaired=0 status=ROUTING_SUCCESS,
H-2026-02-13-Kan-out0,historic,50,E5-production,True,50,0,0,19,0,10,14,269.243,1715.0,503,0,888de448,cost=LOW_UTILISATION vehicles 11->10 litres 355.0->269.2 iterations=2000 NONE,
H-2026-02-13-Kan-out25,historic,50,E0,True,50,0,0,19,0,11,18,365.638,2241.0,5,0,f5a5fbd1,,
H-2026-02-13-Kan-out25,historic,50,E1,True,50,0,0,19,0,11,18,365.638,2241.0,51,0,f5a5fbd1,,
H-2026-02-13-Kan-out25,historic,50,E2-cpsat,True,50,0,0,19,0,9,15,282.808,1759.0,10009,0,5e20f923,solves=1 cuts=0 unproven=0 cost=unfinished obj=9282.8 bound=2055.4,
H-2026-02-13-Kan-out25,historic,50,E2-scip,True,50,0,0,19,0,11,18,365.638,2241.0,10043,0,f5a5fbd1,solves=1 cuts=1 unproven=0 cost=unfinished obj=10325.3 bound=6301.9 budget,
H-2026-02-13-Kan-out25,historic,50,E3-alns,True,50,0,0,19,0,10,14,273.91,1715.0,476,0,32115d29,iterations=2000 improvements=16,
H-2026-02-13-Kan-out25,historic,50,E4-routing,True,50,0,0,19,0,11,14,297.286,1715.0,10014,0,571ec091,repaired=0 status=ROUTING_SUCCESS,
H-2026-02-13-Kan-out25,historic,50,E5-production,True,50,0,0,19,0,10,14,273.91,1715.0,384,0,35b15d03,cost=LOW_UTILISATION vehicles 11->10 litres 365.6->273.9 iterations=2000 NONE,
H-2026-02-13-Kan-out40,historic,50,E0,True,46,4,0,19,0,10,17,349.278,2216.0,4,-1,4ac4e6ba,,
H-2026-02-13-Kan-out40,historic,50,E1,True,46,4,0,19,0,10,17,349.278,2216.0,46,-1,4ac4e6ba,,
H-2026-02-13-Kan-out40,historic,50,E2-cpsat,True,48,2,0,19,0,10,19,354.831,2248.0,10001,0,851322d9,solves=6 cuts=1 unproven=0 cost=unfinished obj=9268.4 bound=4061.1 budget,
H-2026-02-13-Kan-out40,historic,50,E2-scip,True,48,2,0,19,0,10,17,313.391,1965.0,10034,0,cc2ddf01,solves=20 cuts=29 unproven=0 cost=unfinished obj=10313.4 bound=6232.5,
H-2026-02-13-Kan-out40,historic,50,E3-alns,True,48,2,0,19,0,9,13,273.437,1696.0,532,0,fef7dcc9,iterations=2000 improvements=10,
H-2026-02-13-Kan-out40,historic,50,E4-routing,True,48,2,0,19,0,10,13,281.451,1696.0,10035,0,17566ec1,repaired=0 status=ROUTING_SUCCESS,
H-2026-02-13-Kan-out40,historic,50,E5-production,True,48,2,0,19,0,9,13,273.916,1696.0,474,0,858aefa5,cost=DEFERRALS vehicles 10->9 litres 349.3->273.9 iterations=2000 NONE,
H-2026-02-13-Pel-out0,historic,85,E0,True,85,0,0,26,0,20,37,962.545,6073.0,16,0,8a25a7a0,,
H-2026-02-13-Pel-out0,historic,85,E1,True,85,0,0,26,0,20,37,962.545,6073.0,512,0,8a25a7a0,,
H-2026-02-13-Pel-out0,historic,85,E2-cpsat,True,85,0,0,26,0,20,37,962.545,6073.0,10036,0,8a25a7a0,solves=1 cuts=0 unproven=0 cost=unfinished obj=21971.8 bound=3211.4,
H-2026-02-13-Pel-out0,historic,85,E2-scip,True,85,0,0,26,0,20,37,962.545,6073.0,10060,0,8a25a7a0,solves=1 cuts=4 unproven=0 cost=unfinished obj=22016.6 bound=2742.4 budget,
H-2026-02-13-Pel-out0,historic,85,E3-alns,True,85,0,0,26,0,14,27,704.718,4556.0,1062,0,9c9bdaba,iterations=2000 improvements=37,
H-2026-02-13-Pel-out0,historic,85,E4-routing,True,81,4,0,26,0,18,24,732.992,4422.0,10034,-1,4ac54801,repaired=4 status=ROUTING_SUCCESS,
H-2026-02-13-Pel-out0,historic,85,E5-production,True,85,0,0,26,0,15,28,734.706,4786.0,1132,0,82a018b0,cost=LOW_UTILISATION vehicles 20->15 litres 962.5->734.7 iterations=2000 NONE,
H-2026-02-13-Pel-out25,historic,85,E0,True,85,0,0,26,0,20,38,1007.305,6093.0,14,0,a2315d4c,,
H-2026-02-13-Pel-out25,historic,85,E1,True,85,0,0,26,0,20,38,1007.305,6093.0,572,0,a2315d4c,,
H-2026-02-13-Pel-out25,historic,85,E2-cpsat,True,85,0,0,26,0,20,38,1007.305,6093.0,10029,0,a2315d4c,solves=1 cuts=2 unproven=0 cost=unfinished obj=19826.1 bound=2747.5 budget,
H-2026-02-13-Pel-out25,historic,85,E2-scip,True,85,0,0,26,0,20,38,1007.305,6093.0,10047,0,a2315d4c,solves=1 cuts=0 unproven=0 cost=unfinished obj=NaN bound=NaN budget,
H-2026-02-13-Pel-out25,historic,85,E3-alns,True,85,0,0,26,0,15,28,733.781,4605.0,1271,0,bf09ad12,iterations=2000 improvements=36,
H-2026-02-13-Pel-out25,historic,85,E4-routing,True,81,4,0,26,0,18,26,834.147,4685.0,10034,-1,dd183c86,repaired=4 status=ROUTING_SUCCESS,
H-2026-02-13-Pel-out25,historic,85,E5-production,True,85,0,0,26,0,14,27,729.288,4585.0,996,0,e5a03ac4,cost=LOW_UTILISATION vehicles 20->14 litres 1007.3->729.3 iterations=2000 NONE,
H-2026-02-13-Pel-out40,historic,85,E0,True,78,7,0,19,0,18,35,940.628,5796.0,11,-1,91e2200f,,
H-2026-02-13-Pel-out40,historic,85,E1,True,80,5,0,21,0,18,35,944.455,5822.0,1066,-1,42c6da3e,,
H-2026-02-13-Pel-out40,historic,85,E2-cpsat,True,46,39,0,26,0,14,24,543.369,3348.0,10009,-1,f9411d04,solves=28 cuts=14 unproven=39 cost=unfinished obj=NaN bound=NaN budget,
H-2026-02-13-Pel-out40,historic,85,E2-scip,True,24,61,0,24,0,5,10,252.613,1402.0,10035,-1,4d63044,solves=10 cuts=7 unproven=61 cost=unfinished obj=NaN bound=NaN budget,
H-2026-02-13-Pel-out40,historic,85,E3-alns,True,80,5,0,21,0,14,27,732.728,4695.0,1550,-1,b03a57f8,iterations=2000 improvements=21,
H-2026-02-13-Pel-out40,historic,85,E4-routing,True,82,3,0,23,0,18,26,767.428,4414.0,10029,-1,c30b42d8,repaired=0 status=ROUTING_SUCCESS,
H-2026-02-13-Pel-out40,historic,85,E5-production,True,85,0,0,26,0,14,28,699.765,4576.0,1479,0,843b8997,cost=DEFERRALS vehicles 18->14 litres 944.5->699.8 iterations=2000 NONE,
H-2026-02-14-Kan-out0,historic,55,E0,True,55,0,0,22,0,12,24,490.141,2981.0,8,0,3187a81a,,
H-2026-02-14-Kan-out0,historic,55,E1,True,55,0,0,22,0,12,24,490.141,2981.0,262,0,3187a81a,,
H-2026-02-14-Kan-out0,historic,55,E2-cpsat,True,55,0,0,22,0,12,24,490.141,2981.0,10012,0,3187a81a,solves=1 cuts=2 unproven=0 cost=unfinished obj=10342.9 bound=2070.5 budget,
H-2026-02-14-Kan-out0,historic,55,E2-scip,True,55,0,0,22,0,12,19,300.754,2154.0,10028,0,9fc7c980,solves=1 cuts=0 unproven=0 cost=unfinished obj=12300.8 bound=6248.0,
H-2026-02-14-Kan-out0,historic,55,E3-alns,True,55,0,0,22,0,10,16,317.513,1955.0,648,0,3a57e8f8,iterations=2000 improvements=9,
H-2026-02-14-Kan-out0,historic,55,E4-routing,True,55,0,0,22,0,13,16,344.901,1955.0,10017,0,4ad2f1fa,repaired=0 status=ROUTING_SUCCESS,
H-2026-02-14-Kan-out0,historic,55,E5-production,True,55,0,0,22,0,10,17,312.869,1999.0,701,0,e282c2ad,cost=LOW_UTILISATION vehicles 12->10 litres 490.1->312.9 iterations=2000 NONE,
H-2026-02-14-Kan-out25,historic,55,E0,True,55,0,0,22,0,12,24,499.958,2981.0,6,0,b983da8e,,
H-2026-02-14-Kan-out25,historic,55,E1,True,55,0,0,22,0,12,24,499.958,2981.0,198,0,b983da8e,,
H-2026-02-14-Kan-out25,historic,55,E2-cpsat,True,55,0,0,22,0,10,18,309.944,2043.0,10013,0,22a2d5cf,solves=1 cuts=0 unproven=0 cost=unfinished obj=10309.9 bound=2082.8,
H-2026-02-14-Kan-out25,historic,55,E2-scip,True,55,0,0,22,0,11,18,341.093,2069.0,10053,0,c8ec7806,solves=1 cuts=0 unproven=0 cost=unfinished obj=11341.1 bound=6750.6,
H-2026-02-14-Kan-out25,historic,55,E3-alns,True,55,0,0,22,0,10,17,323.338,1999.0,664,0,def6c393,iterations=2000 improvements=13,
H-2026-02-14-Kan-out25,historic,55,E4-routing,True,55,0,0,22,0,12,20,410.375,2455.0,5002,0,d0c14bb,repaired=0 status=ROUTING_SUCCESS,
H-2026-02-14-Kan-out25,historic,55,E5-production,True,55,0,0,22,0,10,18,363.416,2141.0,3681,0,2df87901,cost=LOW_UTILISATION vehicles 12->10 litres 500.0->363.4 iterations=2000 NONE,
H-2026-02-14-Kan-out40,historic,55,E0,True,40,15,0,15,0,11,21,421.301,2736.0,5,-1,2da57ce4,,
H-2026-02-14-Kan-out40,historic,55,E1,True,46,9,0,21,0,11,21,394.902,2627.0,1715,-1,cfbd7a40,,
H-2026-02-14-Kan-out40,historic,55,E2-cpsat,True,47,8,0,22,0,11,21,380.386,2527.0,10012,0,6f37c00e,solves=11 cuts=1 unproven=0 cost=unfinished obj=9283.3 bound=2084.0 budget,
H-2026-02-14-Kan-out40,historic,55,E2-scip,True,31,24,0,22,0,7,13,196.305,1369.0,10040,-1,bcb95a8d,solves=16 cuts=4 unproven=23 cost=unfinished obj=NaN bound=NaN budget,
H-2026-02-14-Kan-out40,historic,55,E3-alns,True,47,8,0,22,0,10,16,291.66,1962.0,1132,0,46b85b5,iterations=2000 improvements=19,
H-2026-02-14-Kan-out40,historic,55,E4-routing,True,48,7,0,18,0,10,16,321.397,1907.0,10038,-1,1bb60ec1,repaired=3 status=ROUTING_SUCCESS,
H-2026-02-14-Kan-out40,historic,55,E5-production,True,47,8,0,22,0,9,16,282.216,1962.0,965,0,e4cb9253,cost=DEFERRALS vehicles 11->9 litres 394.9->282.2 iterations=2000 NONE,
H-2026-02-14-Pel-out0,historic,85,E0,True,85,0,0,35,0,19,33,819.875,5062.0,13,0,c059bcb,,
H-2026-02-14-Pel-out0,historic,85,E1,True,85,0,0,35,0,19,33,819.875,5062.0,11004,0,c059bcb,,
H-2026-02-14-Pel-out0,historic,85,E2-cpsat,True,85,0,0,35,0,19,33,819.875,5062.0,10903,0,c059bcb,solves=0 cuts=0 unproven=0 cost=unfinished obj=NaN bound=NaN budget,
H-2026-02-14-Pel-out0,historic,85,E2-scip,True,85,0,0,35,0,19,33,819.875,5062.0,10292,0,c059bcb,solves=0 cuts=0 unproven=0 cost=unfinished obj=NaN bound=NaN budget,
H-2026-02-14-Pel-out0,historic,85,E3-alns,True,85,0,0,35,0,19,33,819.875,5062.0,11307,0,c059bcb,iterations=0 improvements=0 clock,
H-2026-02-14-Pel-out0,historic,85,E4-routing,True,83,2,0,35,0,17,18,573.054,3336.0,10294,-1,e6024a87,repaired=2 status=ROUTING_SUCCESS,
H-2026-02-14-Pel-out0,historic,85,E5-production,True,85,0,0,35,0,15,22,568.45,3453.0,11028,0,8959944f,cost=LOW_UTILISATION vehicles 19->15 litres 819.9->568.5 iterations=2000 NONE,
H-2026-02-14-Pel-out25,historic,85,E0,True,83,2,0,33,0,18,32,794.096,5034.0,14,-1,f710111a,,
H-2026-02-14-Pel-out25,historic,85,E1,True,83,2,0,33,0,18,32,794.096,5034.0,11010,-1,f710111a,,
H-2026-02-14-Pel-out25,historic,85,E2-cpsat,True,83,2,0,33,0,18,32,794.096,5034.0,10987,-1,f710111a,solves=0 cuts=0 unproven=2 cost=unfinished obj=NaN bound=NaN budget,
H-2026-02-14-Pel-out25,historic,85,E2-scip,True,83,2,0,33,0,18,32,794.096,5034.0,10469,-1,f710111a,solves=0 cuts=0 unproven=2 cost=unfinished obj=NaN bound=NaN budget,
H-2026-02-14-Pel-out25,historic,85,E3-alns,True,83,2,0,33,0,18,32,794.096,5034.0,10996,-1,f710111a,iterations=0 improvements=0 clock,
H-2026-02-14-Pel-out25,historic,85,E4-routing,True,72,13,0,24,0,15,22,647.746,3855.0,10057,-1,284bab02,repaired=5 status=ROUTING_SUCCESS,
H-2026-02-14-Pel-out25,historic,85,E5-production,True,85,0,0,35,0,15,24,571.297,3560.0,11300,0,d0946dbf,cost=DEFERRALS vehicles 18->15 litres 794.1->571.3 iterations=2000 NONE,
H-2026-02-14-Pel-out40,historic,85,E0,True,73,12,0,23,0,16,29,747.364,4626.0,9,-1,dbc5015,,
H-2026-02-14-Pel-out40,historic,85,E1,True,73,12,0,23,0,16,29,747.364,4626.0,10627,-1,dbc5015,,
H-2026-02-14-Pel-out40,historic,85,E2-cpsat,True,73,12,0,23,0,16,29,747.364,4626.0,10708,-1,dbc5015,solves=0 cuts=0 unproven=12 cost=unfinished obj=NaN bound=NaN budget,
H-2026-02-14-Pel-out40,historic,85,E2-scip,True,73,12,0,23,0,16,29,747.364,4626.0,10664,-1,dbc5015,solves=0 cuts=0 unproven=12 cost=unfinished obj=NaN bound=NaN budget,
H-2026-02-14-Pel-out40,historic,85,E3-alns,True,73,12,0,23,0,16,29,747.364,4626.0,10626,-1,dbc5015,iterations=0 improvements=0 clock,
H-2026-02-14-Pel-out40,historic,85,E4-routing,True,66,19,0,18,0,13,18,591.286,3253.0,10024,-1,6c1f6edb,repaired=5 status=ROUTING_SUCCESS,
H-2026-02-14-Pel-out40,historic,85,E5-production,True,74,11,0,24,0,14,22,537.954,3407.0,11340,0,2f74e1a0,cost=DEFERRALS vehicles 16->14 litres 747.4->538.0 iterations=2000 NONE,
S1,official,85,E0,True,70,14,1,12,10,16,32,712.873,4625.0,167,-1,9c51dd4b,,
S1,official,85,E1,True,73,11,1,15,10,16,32,724.807,4608.0,456,0,d3733311,,
S1,official,85,E2-cpsat,True,73,11,1,15,10,16,32,724.807,4608.0,10071,0,d3733311,solves=12 cuts=0 unproven=0 cost=unfinished obj=17709.1 bound=6236.4,
S1,official,85,E2-highs,True,73,11,1,15,10,16,32,724.807,4608.0,10782,0,d3733311,solves=4 cuts=0 unproven=7 cost=unfinished obj=NaN bound=NaN budget,
S1,official,85,E2-scip,True,73,11,1,15,10,16,32,724.807,4608.0,10044,0,d3733311,solves=12 cuts=0 unproven=0 cost=unfinished obj=NaN bound=NaN budget,
S1,official,85,E3-alns,True,73,11,1,15,10,14,28,633.654,4289.0,691,0,71617552,iterations=2000 improvements=14,
S1,official,85,E4-routing,True,70,14,1,12,9,15,22,652.486,3718.0,10120,-1,a606cb52,repaired=1 status=ROUTING_SUCCESS,
S1,official,85,E5-production,True,73,11,1,15,10,13,25,610.62,4133.0,659,0,9bda9bd,cost=DEFERRALS vehicles 16->13 litres 724.8->610.6 iterations=2000 NONE,
