delivery_id,order_date,dispatch_date,dispatch_status,outlet_id,brand,district,depot,temp_requirement,order_units,order_weight_kg,order_volume_m3,route_id,seq_in_route,vehicle_id,vehicle_type,vehicle_temp,planned_arrival_time,window_open_time,window_close_time
ORD0091466,2026-02-09,2026-02-09,attempted,OUT001,Fresh,Colombo,Peliyagoda,ambient,11,82.4,0.443,R024999,0,VEH037,van,ambient,04:57,05:00,07:30
ORD0091467,2026-02-09,2026-02-09,attempted,OUT002,Fresh,Colombo,Peliyagoda,ambient,23,153.5,0.851,R024999,2,VEH037,van,ambient,05:45,05:30,08:00
ORD0091468,2026-02-09,2026-02-09,attempted,OUT003,Fresh,Colombo,Peliyagoda,ambient,15,120.0,0.582,R024999,1,VEH037,van,ambient,05:22,05:00,07:30
ORD0091469,2026-02-09,2026-02-09,attempted,OUT004,Fresh,Colombo,Peliyagoda,ambient,20,175.2,0.868,R025015,3,VEH012,truck,ambient,06:33,05:30,08:00
ORD0091470,2026-02-09,2026-02-09,attempted,OUT005,Fresh,Colombo,Peliyagoda,ambient,65,492.1,2.399,R025014,1,VEH034,truck,ambient,05:40,04:00,07:45
ORD0091471,2026-02-09,2026-02-09,attempted,OUT006,Fresh,Colombo,Peliyagoda,ambient,52,425.7,2.388,R025014,2,VEH034,truck,ambient,06:03,03:00,08:00
ORD0091472,2026-02-09,2026-02-09,attempted,OUT006,Fresh,Colombo,Peliyagoda,chilled,56,449.8,2.113,R024997,2,VEH006,truck,reefer,05:33,03:00,08:00
ORD0091473,2026-02-09,2026-02-09,attempted,OUT007,Fresh,Colombo,Peliyagoda,ambient,128,690.3,4.151,R025014,3,VEH034,truck,ambient,06:27,05:30,08:00
ORD0091474,2026-02-09,2026-02-09,attempted,OUT007,Fresh,Colombo,Peliyagoda,chilled,77,504.3,2.806,R024997,3,VEH006,truck,reefer,05:56,05:30,08:00
ORD0091475,2026-02-09,2026-02-09,attempted,OUT008,Fresh,Colombo,Peliyagoda,ambient,46,304.8,1.741,R025015,0,VEH012,truck,ambient,05:25,05:00,07:30
ORD0091476,2026-02-09,2026-02-09,attempted,OUT008,Fresh,Colombo,Peliyagoda,chilled,37,255.5,1.482,R024997,0,VEH006,truck,reefer,04:48,05:00,07:30
ORD0091477,2026-02-09,2026-02-09,attempted,OUT009,Fresh,Colombo,Peliyagoda,ambient,50,230.8,1.291,R025015,2,VEH012,truck,ambient,06:10,04:00,07:45
ORD0091478,2026-02-09,2026-02-09,attempted,OUT010,Fresh,Colombo,Peliyagoda,ambient,52,335.0,1.682,R025015,1,VEH012,truck,ambient,05:48,05:00,07:30
ORD0091479,2026-02-09,2026-02-09,attempted,OUT010,Fresh,Colombo,Peliyagoda,chilled,33,210.6,1.124,R024997,1,VEH006,truck,reefer,05:10,05:00,07:30
ORD0091480,2026-02-09,2026-02-09,attempted,OUT011,Fresh,Colombo,Peliyagoda,ambient,50,374.5,2.016,R025014,4,VEH034,truck,ambient,06:52,03:00,08:00
ORD0091481,2026-02-09,2026-02-09,attempted,OUT011,Fresh,Colombo,Peliyagoda,chilled,43,241.5,1.364,R024997,4,VEH006,truck,reefer,06:20,03:00,08:00
ORD0091482,2026-02-09,2026-02-09,attempted,OUT012,Fresh,Colombo,Peliyagoda,ambient,58,340.9,1.763,R025014,5,VEH034,truck,ambient,07:15,05:30,08:00
ORD0091483,2026-02-09,2026-02-09,attempted,OUT012,Fresh,Colombo,Peliyagoda,chilled,33,203.6,1.249,R024997,5,VEH006,truck,reefer,06:42,05:30,08:00
ORD0091484,2026-02-09,2026-02-09,attempted,OUT013,Fresh,Colombo,Peliyagoda,ambient,171,1215.2,5.763,R025014,0,VEH034,truck,ambient,05:18,05:00,07:30
ORD0091485,2026-02-09,2026-02-09,attempted,OUT014,Fresh,Colombo,Peliyagoda,ambient,25,233.4,1.231,R025015,4,VEH012,truck,ambient,06:57,05:30,08:00
ORD0091486,2026-02-09,2026-02-09,attempted,OUT014,Fresh,Colombo,Peliyagoda,chilled,42,275.7,1.525,R024997,6,VEH006,truck,reefer,07:04,05:30,08:00
ORD0091487,2026-02-09,2026-02-09,attempted,OUT025,Fresh,Gampaha,Peliyagoda,ambient,30,228.6,1.208,R025012,0,VEH017,truck,ambient,06:00,05:30,08:00
ORD0091488,2026-02-09,2026-02-09,attempted,OUT025,Fresh,Gampaha,Peliyagoda,chilled,21,176.4,0.904,R024995,1,VEH005,truck,reefer,05:49,05:30,08:00
ORD0091489,2026-02-09,2026-02-09,attempted,OUT026,Fresh,Gampaha,Peliyagoda,ambient,39,297.8,1.515,R025012,1,VEH017,truck,ambient,06:24,03:00,08:00
ORD0091490,2026-02-09,2026-02-09,attempted,OUT027,Fresh,Gampaha,Peliyagoda,ambient,47,341.6,1.871,R025011,0,VEH027,truck,ambient,04:45,05:00,07:30
ORD0091491,2026-02-09,2026-02-09,attempted,OUT027,Fresh,Gampaha,Peliyagoda,chilled,50,265.8,1.505,R024995,0,VEH005,truck,reefer,05:22,05:00,07:30
ORD0091492,2026-02-09,2026-02-09,attempted,OUT028,Fresh,Gampaha,Peliyagoda,ambient,53,389.3,2.202,R025011,3,VEH027,truck,ambient,06:00,03:00,08:00
ORD0091493,2026-02-09,2026-02-09,attempted,OUT029,Fresh,Gampaha,Peliyagoda,ambient,46,329.4,1.66,R025011,4,VEH027,truck,ambient,06:25,05:30,08:00
ORD0091494,2026-02-09,2026-02-09,attempted,OUT029,Fresh,Gampaha,Peliyagoda,chilled,38,260.5,1.375,R024995,2,VEH005,truck,reefer,06:13,05:30,08:00
ORD0091495,2026-02-09,2026-02-09,attempted,OUT030,Fresh,Gampaha,Peliyagoda,ambient,52,342.6,2.001,R025011,5,VEH027,truck,ambient,06:49,03:00,08:00
ORD0091496,2026-02-09,2026-02-09,attempted,OUT030,Fresh,Gampaha,Peliyagoda,chilled,42,381.5,1.909,R024995,3,VEH005,truck,reefer,06:36,03:00,08:00
ORD0091497,2026-02-09,2026-02-09,attempted,OUT031,Fresh,Gampaha,Peliyagoda,ambient,105,823.3,4.657,R025011,6,VEH027,truck,ambient,07:14,03:00,08:00
ORD0091498,2026-02-09,2026-02-09,attempted,OUT031,Fresh,Gampaha,Peliyagoda,chilled,139,913.1,5.2,R024995,4,VEH005,truck,reefer,07:00,03:00,08:00
ORD0091499,2026-02-09,2026-02-09,attempted,OUT032,Fresh,Gampaha,Peliyagoda,ambient,80,571.1,3.315,R025011,2,VEH027,truck,ambient,05:35,04:00,07:45
ORD0091500,2026-02-09,2026-02-09,attempted,OUT033,Fresh,Gampaha,Peliyagoda,ambient,54,395.1,2.028,R025011,7,VEH027,truck,ambient,07:39,05:30,08:00
ORD0091501,2026-02-09,2026-02-09,attempted,OUT033,Fresh,Gampaha,Peliyagoda,chilled,57,363.4,2.019,R024995,5,VEH005,truck,reefer,07:24,05:30,08:00
ORD0091502,2026-02-09,2026-02-09,attempted,OUT034,Fresh,Gampaha,Peliyagoda,ambient,53,336.9,1.788,R025011,1,VEH027,truck,ambient,05:11,05:00,07:30
ORD0091503,2026-02-09,2026-02-09,attempted,OUT040,Fresh,Kalutara,Peliyagoda,ambient,81,562.5,2.808,R025009,3,VEH025,truck,ambient,06:21,03:00,08:00
ORD0091504,2026-02-09,2026-02-09,attempted,OUT040,Fresh,Kalutara,Peliyagoda,chilled,40,281.6,1.523,R024993,1,VEH004,truck,reefer,05:52,03:00,08:00
ORD0091505,2026-02-09,2026-02-09,attempted,OUT041,Fresh,Kalutara,Peliyagoda,ambient,39,307.9,1.726,R025009,0,VEH025,truck,ambient,04:59,05:00,07:30
ORD0091506,2026-02-09,2026-02-09,attempted,OUT042,Fresh,Kalutara,Peliyagoda,ambient,98,694.3,3.578,R025009,4,VEH025,truck,ambient,06:48,03:00,08:00
ORD0091507,2026-02-09,2026-02-09,attempted,OUT042,Fresh,Kalutara,Peliyagoda,chilled,109,779.4,3.974,R024993,2,VEH004,truck,reefer,06:19,03:00,08:00
ORD0091508,2026-02-09,2026-02-09,attempted,OUT043,Fresh,Kalutara,Peliyagoda,ambient,23,203.9,1.047,R025009,1,VEH025,truck,ambient,05:27,05:00,07:30
ORD0091509,2026-02-09,2026-02-09,attempted,OUT043,Fresh,Kalutara,Peliyagoda,chilled,27,171.7,0.931,R024993,0,VEH004,truck,reefer,05:23,05:00,07:30
ORD0091510,2026-02-09,2026-02-09,attempted,OUT044,Fresh,Kalutara,Peliyagoda,ambient,62,405.5,2.045,R025009,5,VEH025,truck,ambient,07:13,03:00,08:00
ORD0091511,2026-02-09,2026-02-09,attempted,OUT044,Fresh,Kalutara,Peliyagoda,chilled,31,253.7,1.213,R024993,3,VEH004,truck,reefer,06:45,03:00,08:00
ORD0091512,2026-02-09,2026-02-09,attempted,OUT045,Fresh,Kalutara,Peliyagoda,ambient,58,224.8,1.355,R025009,6,VEH025,truck,ambient,07:40,03:00,08:00
ORD0091513,2026-02-09,2026-02-09,attempted,OUT045,Fresh,Kalutara,Peliyagoda,chilled,58,264.3,1.58,R024993,4,VEH004,truck,reefer,07:12,03:00,08:00
ORD0091514,2026-02-09,2026-02-09,attempted,OUT046,Fresh,Kalutara,Peliyagoda,ambient,34,195.2,1.021,R025009,2,VEH025,truck,ambient,05:54,05:00,07:30
ORD0091515,2026-02-09,2026-02-09,attempted,OUT047,Style,Kalutara,Peliyagoda,ambient,26,432.6,6.443,R025019,0,VEH015,truck,ambient,08:56,09:00,17:00
ORD0091516,2026-02-09,2026-02-09,attempted,OUT048,Style,Kalutara,Peliyagoda,ambient,33,461.0,7.072,R025019,1,VEH015,truck,ambient,09:55,09:00,17:00
ORD0091517,2026-02-09,2026-02-09,attempted,OUT050,Fresh,Galle,Peliyagoda,ambient,66,415.6,2.043,R025008,3,VEH018,truck,ambient,06:31,05:30,08:00
ORD0091518,2026-02-09,2026-02-09,attempted,OUT050,Fresh,Galle,Peliyagoda,chilled,41,357.9,1.809,R024992,1,VEH003,truck,reefer,06:22,05:30,08:00
ORD0091519,2026-02-09,2026-02-09,attempted,OUT051,Fresh,Galle,Peliyagoda,ambient,24,157.6,0.963,R025008,4,VEH018,truck,ambient,06:54,03:00,08:00
ORD0091520,2026-02-09,2026-02-09,attempted,OUT051,Fresh,Galle,Peliyagoda,chilled,12,104.1,0.547,R024992,2,VEH003,truck,reefer,06:46,03:00,08:00
ORD0091521,2026-02-09,2026-02-09,attempted,OUT052,Fresh,Galle,Peliyagoda,ambient,63,425.3,2.329,R025008,0,VEH018,truck,ambient,05:19,05:00,07:30
ORD0091522,2026-02-09,2026-02-09,attempted,OUT053,Fresh,Galle,Peliyagoda,ambient,25,190.0,0.925,R025008,5,VEH018,truck,ambient,07:19,03:00,08:00
ORD0091523,2026-02-09,2026-02-09,attempted,OUT053,Fresh,Galle,Peliyagoda,chilled,24,160.7,0.912,R024992,3,VEH003,truck,reefer,07:11,03:00,08:00
ORD0091524,2026-02-09,2026-02-09,attempted,OUT054,Fresh,Galle,Peliyagoda,ambient,90,553.7,3.085,R025008,1,VEH018,truck,ambient,05:44,05:00,07:30
ORD0091525,2026-02-09,2026-02-09,attempted,OUT054,Fresh,Galle,Peliyagoda,chilled,97,626.6,3.198,R024992,0,VEH003,truck,reefer,05:59,05:00,07:30
ORD0091526,2026-02-09,2026-02-09,attempted,OUT055,Fresh,Galle,Peliyagoda,ambient,71,425.0,2.227,R025008,2,VEH018,truck,ambient,06:07,05:00,07:30
ORD0091527,2026-02-09,2026-02-09,attempted,OUT058,Tech,Galle,Peliyagoda,ambient,2,409.1,1.353,R025018,0,VEH008,truck,ambient,09:22,09:00,17:00
ORD0091528,2026-02-09,2026-02-09,attempted,OUT059,Fresh,Matara,Peliyagoda,ambient,56,441.6,2.225,R025004,1,VEH015,truck,ambient,06:25,04:00,07:45
ORD0091529,2026-02-09,2026-02-09,attempted,OUT059,Fresh,Matara,Peliyagoda,chilled,56,366.0,2.18,R024989,1,VEH002,truck,reefer,05:40,04:00,07:45
ORD0091530,2026-02-09,2026-02-09,attempted,OUT060,Fresh,Matara,Peliyagoda,ambient,63,342.0,1.669,R025004,2,VEH015,truck,ambient,06:50,03:00,08:00
ORD0091531,2026-02-09,2026-02-09,attempted,OUT061,Fresh,Matara,Peliyagoda,ambient,59,313.1,1.673,R025004,0,VEH015,truck,ambient,06:00,05:00,07:30
ORD0091532,2026-02-09,2026-02-09,attempted,OUT061,Fresh,Matara,Peliyagoda,chilled,46,225.1,1.407,R024989,0,VEH002,truck,reefer,05:15,05:00,07:30
ORD0091533,2026-02-09,2026-02-09,attempted,OUT062,Fresh,Matara,Peliyagoda,ambient,60,435.4,2.385,R025004,3,VEH015,truck,ambient,07:16,05:30,08:00
ORD0091534,2026-02-09,2026-02-09,attempted,OUT062,Fresh,Matara,Peliyagoda,chilled,51,342.2,1.719,R024989,2,VEH002,truck,reefer,06:06,05:30,08:00
ORD0091535,2026-02-09,2026-02-09,attempted,OUT065,Fresh,Kurunegala,Peliyagoda,ambient,65,502.6,2.527,R025005,1,VEH016,truck,ambient,06:35,05:30,08:00
ORD0091536,2026-02-09,2026-02-09,attempted,OUT066,Fresh,Kurunegala,Peliyagoda,ambient,62,360.6,1.903,R025006,0,VEH017,truck,ambient,06:57,04:00,07:45
ORD0091537,2026-02-09,2026-02-09,attempted,OUT067,Fresh,Kurunegala,Peliyagoda,ambient,50,402.2,2.039,R025005,0,VEH016,truck,ambient,06:02,05:00,07:30
ORD0091538,2026-02-09,2026-02-09,attempted,OUT068,Fresh,Kurunegala,Peliyagoda,ambient,55,405.1,2.013,R025005,2,VEH016,truck,ambient,07:07,03:00,08:00
ORD0091539,2026-02-09,2026-02-09,attempted,OUT068,Fresh,Kurunegala,Peliyagoda,chilled,27,223.2,1.164,R024990,0,VEH001,truck,reefer,03:42,03:00,08:00
ORD0091540,2026-02-09,2026-02-09,attempted,OUT069,Fresh,Kurunegala,Peliyagoda,ambient,65,348.0,2.126,R025005,3,VEH016,truck,ambient,07:40,05:30,08:00
ORD0091541,2026-02-09,2026-02-09,attempted,OUT069,Fresh,Kurunegala,Peliyagoda,chilled,32,202.3,1.111,R024990,1,VEH001,truck,reefer,04:16,05:30,08:00
ORD0091542,2026-02-09,2026-02-09,attempted,OUT073,Fresh,Puttalam,Peliyagoda,ambient,59,406.6,2.037,R025003,0,VEH008,truck,ambient,05:07,03:00,08:00
ORD0091543,2026-02-09,2026-02-09,attempted,OUT073,Fresh,Puttalam,Peliyagoda,chilled,51,296.2,1.589,R024988,0,VEH007,truck,reefer,05:03,03:00,08:00
ORD0091544,2026-02-09,2026-02-09,attempted,OUT074,Fresh,Puttalam,Peliyagoda,ambient,56,322.8,1.719,R025003,1,VEH008,truck,ambient,05:47,05:30,08:00
ORD0091545,2026-02-09,2026-02-09,attempted,OUT074,Fresh,Puttalam,Peliyagoda,chilled,42,301.0,1.488,R024988,1,VEH007,truck,reefer,05:44,05:30,08:00
ORD0091546,2026-02-09,2026-02-09,attempted,OUT075,Fresh,Puttalam,Peliyagoda,ambient,40,248.8,1.472,R025003,2,VEH008,truck,ambient,06:29,03:00,08:00
ORD0091547,2026-02-09,2026-02-09,attempted,OUT075,Fresh,Puttalam,Peliyagoda,chilled,27,211.4,1.107,R024988,2,VEH007,truck,reefer,06:24,03:00,08:00
ORD0091548,2026-02-09,2026-02-09,attempted,OUT076,Fresh,Kandy,Kandy,ambient,22,168.0,0.944,R025000,3,VEH059,van,ambient,06:11,03:00,08:00
ORD0091549,2026-02-09,2026-02-09,attempted,OUT077,Fresh,Kandy,Kandy,ambient,17,123.7,0.661,R025000,0,VEH059,van,ambient,05:06,05:00,07:30
ORD0091550,2026-02-09,2026-02-09,attempted,OUT077,Fresh,Kandy,Kandy,chilled,10,76.4,0.475,R024985,0,VEH057,van,reefer,06:08,05:00,07:30
ORD0091551,2026-02-09,2026-02-09,attempted,OUT078,Fresh,Kandy,Kandy,ambient,21,155.1,0.854,R025000,4,VEH059,van,ambient,06:34,03:00,08:00
ORD0091552,2026-02-09,2026-02-09,attempted,OUT078,Fresh,Kandy,Kandy,chilled,27,142.3,0.903,R024985,2,VEH057,van,reefer,06:53,03:00,08:00
ORD0091553,2026-02-09,2026-02-09,attempted,OUT079,Fresh,Kandy,Kandy,ambient,11,104.5,0.542,R025000,1,VEH059,van,ambient,05:28,04:00,07:45
ORD0091554,2026-02-09,2026-02-09,attempted,OUT079,Fresh,Kandy,Kandy,chilled,7,69.7,0.392,R024985,1,VEH057,van,reefer,06:30,04:00,07:45
ORD0091555,2026-02-09,2026-02-09,attempted,OUT080,Fresh,Kandy,Kandy,ambient,19,140.0,0.703,R025000,5,VEH059,van,ambient,06:56,05:30,08:00
ORD0091556,2026-02-09,2026-02-09,attempted,OUT081,Fresh,Kandy,Kandy,ambient,26,155.0,0.896,R025000,6,VEH059,van,ambient,07:18,03:00,08:00
ORD0091557,2026-02-09,2026-02-09,attempted,OUT082,Fresh,Kandy,Kandy,ambient,16,100.6,0.569,R025000,7,VEH059,van,ambient,07:41,03:00,08:00
ORD0091558,2026-02-09,2026-02-09,attempted,OUT082,Fresh,Kandy,Kandy,chilled,12,82.6,0.418,R024985,3,VEH057,van,reefer,07:14,03:00,08:00
ORD0091559,2026-02-09,2026-02-09,attempted,OUT083,Fresh,Kandy,Kandy,ambient,12,94.1,0.467,R025000,2,VEH059,van,ambient,05:49,04:00,07:45
ORD0091560,2026-02-09,2026-02-09,attempted,OUT084,Fresh,Kandy,Kandy,ambient,35,214.8,1.143,R025016,1,VEH049,truck,ambient,07:11,05:30,08:00
ORD0091561,2026-02-09,2026-02-09,attempted,OUT085,Fresh,Kandy,Kandy,ambient,51,314.0,1.907,R025016,0,VEH049,truck,ambient,06:50,05:00,07:30
ORD0091562,2026-02-09,2026-02-09,attempted,OUT085,Fresh,Kandy,Kandy,chilled,62,365.7,2.055,R024998,0,VEH043,truck,reefer,04:41,05:00,07:30
ORD0091563,2026-02-09,2026-02-09,attempted,OUT086,Fresh,Kandy,Kandy,ambient,43,288.5,1.619,R025016,2,VEH049,truck,ambient,07:32,03:00,08:00
ORD0091564,2026-02-09,2026-02-09,attempted,OUT086,Fresh,Kandy,Kandy,chilled,43,309.3,1.551,R024998,1,VEH043,truck,reefer,05:02,03:00,08:00
ORD0091565,2026-02-09,2026-02-09,attempted,OUT087,Fresh,Kandy,Kandy,ambient,47,361.2,1.823,R025016,3,VEH049,truck,ambient,07:52,03:00,08:00
ORD0091566,2026-02-09,2026-02-09,attempted,OUT087,Fresh,Kandy,Kandy,chilled,30,207.1,1.131,R024998,2,VEH043,truck,reefer,05:23,03:00,08:00
ORD0091567,2026-02-09,2026-02-09,attempted,OUT096,Fresh,Matale,Kandy,ambient,49,265.5,1.546,R025013,2,VEH052,truck,ambient,06:26,05:30,08:00
ORD0091568,2026-02-09,2026-02-09,attempted,OUT096,Fresh,Matale,Kandy,chilled,15,149.8,0.77,R024996,2,VEH039,truck,reefer,05:54,05:30,08:00
ORD0091569,2026-02-09,2026-02-09,attempted,OUT097,Fresh,Matale,Kandy,ambient,69,582.6,2.896,R025013,3,VEH052,truck,ambient,06:53,03:00,08:00
ORD0091570,2026-02-09,2026-02-09,attempted,OUT098,Fresh,Matale,Kandy,ambient,52,397.5,2.102,R025013,4,VEH052,truck,ambient,07:20,03:00,08:00
ORD0091571,2026-02-09,2026-02-09,attempted,OUT098,Fresh,Matale,Kandy,chilled,44,321.5,1.811,R024996,3,VEH039,truck,reefer,06:21,03:00,08:00
ORD0091572,2026-02-09,2026-02-09,attempted,OUT099,Fresh,Matale,Kandy,ambient,70,407.9,2.301,R025013,0,VEH052,truck,ambient,05:35,05:00,07:30
ORD0091573,2026-02-09,2026-02-09,attempted,OUT099,Fresh,Matale,Kandy,chilled,27,219.2,1.228,R024996,0,VEH039,truck,reefer,05:01,05:00,07:30
ORD0091574,2026-02-09,2026-02-09,attempted,OUT100,Fresh,Matale,Kandy,ambient,78,654.7,3.193,R025013,5,VEH052,truck,ambient,07:47,03:00,08:00
ORD0091575,2026-02-09,2026-02-09,attempted,OUT101,Fresh,Matale,Kandy,ambient,70,348.3,2.008,R025013,1,VEH052,truck,ambient,06:02,05:00,07:30
ORD0091576,2026-02-09,2026-02-09,attempted,OUT101,Fresh,Matale,Kandy,chilled,49,400.0,2.224,R024996,1,VEH039,truck,reefer,05:28,05:00,07:30
ORD0091577,2026-02-09,2026-02-09,attempted,OUT102,Style,Matale,Kandy,ambient,50,743.2,12.716,R025020,0,VEH045,truck,ambient,09:01,09:00,17:00
ORD0091578,2026-02-09,2026-02-09,attempted,OUT104,Fresh,Nuwara Eliya,Kandy,ambient,51,358.1,1.817,R025007,2,VEH048,truck,ambient,06:45,03:00,08:00
ORD0091579,2026-02-09,2026-02-09,attempted,OUT105,Fresh,Nuwara Eliya,Kandy,ambient,32,250.6,1.288,R025007,0,VEH048,truck,ambient,05:30,05:00,07:30
ORD0091580,2026-02-09,2026-02-09,attempted,OUT105,Fresh,Nuwara Eliya,Kandy,chilled,35,210.7,1.128,R024991,0,VEH043,truck,reefer,04:32,05:00,07:30
ORD0091581,2026-02-09,2026-02-09,attempted,OUT106,Fresh,Nuwara Eliya,Kandy,ambient,57,371.0,2.031,R025007,3,VEH048,truck,ambient,07:20,05:30,08:00
ORD0091582,2026-02-09,2026-02-09,attempted,OUT107,Fresh,Nuwara Eliya,Kandy,ambient,80,546.7,2.898,R025007,4,VEH048,truck,ambient,07:54,03:00,08:00
ORD0091583,2026-02-09,2026-02-09,attempted,OUT108,Fresh,Nuwara Eliya,Kandy,ambient,37,370.9,2.249,R025007,1,VEH048,truck,ambient,06:07,04:00,07:45
ORD0091584,2026-02-09,2026-02-09,attempted,OUT108,Fresh,Nuwara Eliya,Kandy,chilled,42,324.0,1.727,R024991,1,VEH043,truck,reefer,05:07,04:00,07:45
ORD0091585,2026-02-09,2026-02-09,attempted,OUT110,Fresh,Badulla,Kandy,ambient,51,344.2,1.832,R025002,0,VEH045,truck,ambient,04:56,03:00,08:00
ORD0091586,2026-02-09,2026-02-09,attempted,OUT110,Fresh,Badulla,Kandy,chilled,32,174.4,1.019,R024986,0,VEH041,truck,reefer,04:40,03:00,08:00
ORD0091587,2026-02-09,2026-02-09,attempted,OUT111,Fresh,Badulla,Kandy,ambient,33,263.5,1.259,R025002,1,VEH045,truck,ambient,05:34,03:00,08:00
ORD0091588,2026-02-09,2026-02-09,attempted,OUT111,Fresh,Badulla,Kandy,chilled,18,137.2,0.796,R024987,0,VEH040,truck,reefer,05:08,03:00,08:00
ORD0091589,2026-02-09,2026-02-09,attempted,OUT112,Fresh,Badulla,Kandy,ambient,76,506.9,2.768,R025001,0,VEH056,truck,ambient,05:00,04:00,07:45
ORD0091590,2026-02-09,2026-02-09,attempted,OUT113,Fresh,Badulla,Kandy,ambient,100,584.9,3.343,R025001,1,VEH056,truck,ambient,05:39,05:30,08:00
ORD0091591,2026-02-09,2026-02-09,attempted,OUT113,Fresh,Badulla,Kandy,chilled,27,252.5,1.243,R024986,1,VEH041,truck,reefer,05:15,05:30,08:00
ORD0091592,2026-02-09,2026-02-09,attempted,OUT114,Style,Badulla,Kandy,ambient,45,726.1,11.659,R025017,0,VEH056,truck,ambient,10:39,09:00,17:00
ORD0091593,2026-02-09,2026-02-09,attempted,OUT116,Fresh,Kegalle,Kandy,ambient,45,269.8,1.558,R025010,0,VEH049,truck,ambient,06:02,05:00,07:30
ORD0091594,2026-02-09,2026-02-09,attempted,OUT116,Fresh,Kegalle,Kandy,chilled,43,317.0,1.588,R024994,0,VEH039,truck,reefer,04:47,05:00,07:30
ORD0091595,2026-02-09,2026-02-09,attempted,OUT117,Fresh,Kegalle,Kandy,ambient,73,537.6,2.921,R025010,1,VEH049,truck,ambient,06:29,04:00,07:45
ORD0091596,2026-02-09,2026-02-09,attempted,OUT118,Fresh,Kegalle,Kandy,ambient,134,624.0,3.709,R025010,2,VEH049,truck,ambient,07:00,04:00,07:45
ORD0091597,2026-02-09,2026-02-09,attempted,OUT118,Fresh,Kegalle,Kandy,chilled,50,461.5,2.545,R024994,1,VEH039,truck,reefer,05:15,04:00,07:45
ORD0091598,2026-02-09,2026-02-09,attempted,OUT119,Fresh,Kegalle,Kandy,ambient,40,363.7,1.668,R025010,3,VEH049,truck,ambient,07:28,03:00,08:00
ORD0091599,2026-02-09,2026-02-09,attempted,OUT119,Fresh,Kegalle,Kandy,chilled,44,316.5,1.719,R024994,2,VEH039,truck,reefer,05:46,03:00,08:00
ORD0091882,2026-02-12,2026-02-12,attempted,OUT001,Fresh,Colombo,Peliyagoda,ambient,15,95.1,0.524,R025111,0,VEH037,van,ambient,05:13,05:00,07:30
ORD0091883,2026-02-12,2026-02-12,attempted,OUT001,Fresh,Colombo,Peliyagoda,chilled,19,140.6,0.697,R025096,0,VEH035,van,reefer,06:06,05:00,07:30
ORD0091884,2026-02-12,2026-02-12,attempted,OUT002,Fresh,Colombo,Peliyagoda,ambient,13,93.9,0.509,R025111,2,VEH037,van,ambient,06:01,05:30,08:00
ORD0091885,2026-02-12,2026-02-12,attempted,OUT002,Fresh,Colombo,Peliyagoda,chilled,10,63.0,0.342,R025096,2,VEH035,van,reefer,06:56,05:30,08:00
ORD0091886,2026-02-12,2026-02-12,attempted,OUT003,Fresh,Colombo,Peliyagoda,ambient,13,81.8,0.408,R025111,1,VEH037,van,ambient,05:37,05:00,07:30
ORD0091887,2026-02-12,2026-02-12,attempted,OUT003,Fresh,Colombo,Peliyagoda,chilled,13,73.6,0.455,R025096,1,VEH035,van,reefer,06:31,05:00,07:30
ORD0091888,2026-02-12,2026-02-12,attempted,OUT004,Fresh,Colombo,Peliyagoda,ambient,23,195.3,1.089,R025127,2,VEH012,truck,ambient,06:06,05:30,08:00
ORD0091889,2026-02-12,2026-02-12,attempted,OUT004,Fresh,Colombo,Peliyagoda,chilled,12,98.4,0.559,R025109,5,VEH006,truck,reefer,06:07,05:30,08:00
ORD0091890,2026-02-12,2026-02-12,attempted,OUT005,Fresh,Colombo,Peliyagoda,ambient,68,483.2,2.604,R025126,2,VEH034,truck,ambient,05:46,04:00,07:45
ORD0091891,2026-02-12,2026-02-12,attempted,OUT005,Fresh,Colombo,Peliyagoda,chilled,66,407.7,2.33,R025109,3,VEH006,truck,reefer,05:22,04:00,07:45
ORD0091892,2026-02-12,2026-02-12,attempted,OUT006,Fresh,Colombo,Peliyagoda,ambient,115,667.3,3.258,R025126,3,VEH034,truck,ambient,06:08,03:00,08:00
ORD0091893,2026-02-12,2026-02-12,attempted,OUT006,Fresh,Colombo,Peliyagoda,chilled,65,442.3,2.434,R025109,6,VEH006,truck,reefer,06:31,03:00,08:00
ORD0091894,2026-02-12,2026-02-12,attempted,OUT007,Fresh,Colombo,Peliyagoda,ambient,118,787.7,4.045,R025126,4,VEH034,truck,ambient,06:30,05:30,08:00
ORD0091895,2026-02-12,2026-02-12,attempted,OUT008,Fresh,Colombo,Peliyagoda,ambient,43,259.5,1.452,R025127,0,VEH012,truck,ambient,05:23,05:00,07:30
ORD0091896,2026-02-12,2026-02-12,attempted,OUT008,Fresh,Colombo,Peliyagoda,chilled,41,306.3,1.548,R025109,0,VEH006,truck,reefer,04:13,05:00,07:30
ORD0091897,2026-02-12,2026-02-12,attempted,OUT009,Fresh,Colombo,Peliyagoda,ambient,35,252.4,1.381,R025127,1,VEH012,truck,ambient,05:44,04:00,07:45
ORD0091898,2026-02-12,2026-02-12,attempted,OUT009,Fresh,Colombo,Peliyagoda,chilled,31,251.6,1.402,R025109,4,VEH006,truck,reefer,05:45,04:00,07:45
ORD0091899,2026-02-12,2026-02-12,attempted,OUT010,Fresh,Colombo,Peliyagoda,ambient,47,402.3,2.27,R025126,0,VEH034,truck,ambient,05:01,05:00,07:30
ORD0091900,2026-02-12,2026-02-12,attempted,OUT010,Fresh,Colombo,Peliyagoda,chilled,45,335.0,1.79,R025109,1,VEH006,truck,reefer,04:36,05:00,07:30
ORD0091901,2026-02-12,2026-02-12,attempted,OUT011,Fresh,Colombo,Peliyagoda,ambient,53,246.1,1.555,R025126,5,VEH034,truck,ambient,06:54,03:00,08:00
ORD0091902,2026-02-12,2026-02-12,attempted,OUT011,Fresh,Colombo,Peliyagoda,chilled,44,322.8,1.749,R025109,7,VEH006,truck,reefer,06:54,03:00,08:00
ORD0091903,2026-02-12,2026-02-12,attempted,OUT012,Fresh,Colombo,Peliyagoda,ambient,35,262.3,1.3,R025127,3,VEH012,truck,ambient,06:30,05:30,08:00
ORD0091904,2026-02-12,2026-02-12,attempted,OUT013,Fresh,Colombo,Peliyagoda,ambient,122,850.7,4.849,R025126,1,VEH034,truck,ambient,05:23,05:00,07:30
ORD0091905,2026-02-12,2026-02-12,attempted,OUT013,Fresh,Colombo,Peliyagoda,chilled,73,485.6,2.59,R025109,2,VEH006,truck,reefer,05:00,05:00,07:30
ORD0091906,2026-02-12,2026-02-12,attempted,OUT014,Fresh,Colombo,Peliyagoda,ambient,42,200.7,1.189,R025127,4,VEH012,truck,ambient,06:51,05:30,08:00
ORD0091907,2026-02-12,2026-02-12,attempted,OUT014,Fresh,Colombo,Peliyagoda,chilled,41,295.1,1.594,R025109,8,VEH006,truck,reefer,07:15,05:30,08:00
ORD0091908,2026-02-12,2026-02-12,attempted,OUT015,Style,Colombo,Peliyagoda,ambient,41,621.3,10.624,R025132,0,VEH016,truck,ambient,08:51,09:00,11:00
ORD0091909,2026-02-12,2026-02-12,attempted,OUT016,Style,Colombo,Peliyagoda,ambient,28,353.3,6.474,R025133,1,VEH018,truck,ambient,11:46,09:00,11:00
ORD0091910,2026-02-12,2026-02-12,attempted,OUT017,Style,Colombo,Peliyagoda,ambient,49,715.0,11.517,R025130,0,VEH008,truck,ambient,10:05,10:30,12:30
ORD0091911,2026-02-12,2026-02-12,attempted,OUT018,Style,Colombo,Peliyagoda,ambient,31,497.8,8.17,R025133,0,VEH018,truck,ambient,10:39,10:30,12:30
ORD0091912,2026-02-12,2026-02-12,attempted,OUT019,Style,Colombo,Peliyagoda,ambient,50,528.2,8.238,R025132,1,VEH016,truck,ambient,09:57,09:00,17:00
ORD0091913,2026-02-12,2026-02-12,attempted,OUT020,Style,Colombo,Peliyagoda,ambient,48,704.6,10.972,R025131,0,VEH015,truck,ambient,08:50,09:00,17:00
ORD0091914,2026-02-12,2026-02-12,attempted,OUT025,Fresh,Gampaha,Peliyagoda,ambient,24,155.2,0.957,R025124,1,VEH017,truck,ambient,05:53,05:30,08:00
ORD0091915,2026-02-12,2026-02-12,attempted,OUT025,Fresh,Gampaha,Peliyagoda,chilled,24,183.0,0.835,R025107,2,VEH005,truck,reefer,05:26,05:30,08:00
ORD0091916,2026-02-12,2026-02-12,attempted,OUT026,Fresh,Gampaha,Peliyagoda,ambient,34,216.1,1.086,R025124,2,VEH017,truck,ambient,06:17,03:00,08:00
ORD0091917,2026-02-12,2026-02-12,attempted,OUT026,Fresh,Gampaha,Peliyagoda,chilled,28,166.6,0.886,R025107,3,VEH005,truck,reefer,05:51,03:00,08:00
ORD0091918,2026-02-12,2026-02-12,attempted,OUT027,Fresh,Gampaha,Peliyagoda,ambient,64,367.8,2.004,R025124,0,VEH017,truck,ambient,05:27,05:00,07:30
ORD0091919,2026-02-12,2026-02-12,attempted,OUT027,Fresh,Gampaha,Peliyagoda,chilled,43,269.9,1.413,R025107,0,VEH005,truck,reefer,04:35,05:00,07:30
ORD0091920,2026-02-12,2026-02-12,attempted,OUT028,Fresh,Gampaha,Peliyagoda,ambient,71,439.1,2.581,R025123,2,VEH027,truck,ambient,05:59,03:00,08:00
ORD0091921,2026-02-12,2026-02-12,attempted,OUT029,Fresh,Gampaha,Peliyagoda,ambient,42,339.0,1.812,R025124,3,VEH017,truck,ambient,06:43,05:30,08:00
ORD0091922,2026-02-12,2026-02-12,attempted,OUT030,Fresh,Gampaha,Peliyagoda,ambient,63,343.4,2.165,R025123,3,VEH027,truck,ambient,06:25,03:00,08:00
ORD0091923,2026-02-12,2026-02-12,attempted,OUT030,Fresh,Gampaha,Peliyagoda,chilled,54,322.9,1.774,R025107,4,VEH005,truck,reefer,06:16,03:00,08:00
ORD0091924,2026-02-12,2026-02-12,attempted,OUT031,Fresh,Gampaha,Peliyagoda,ambient,136,843.7,4.736,R025123,4,VEH027,truck,ambient,06:49,03:00,08:00
ORD0091925,2026-02-12,2026-02-12,attempted,OUT032,Fresh,Gampaha,Peliyagoda,ambient,114,776.2,4.247,R025123,1,VEH027,truck,ambient,05:36,04:00,07:45
ORD0091926,2026-02-12,2026-02-12,attempted,OUT033,Fresh,Gampaha,Peliyagoda,ambient,53,408.8,2.278,R025123,5,VEH027,truck,ambient,07:15,05:30,08:00
ORD0091927,2026-02-12,2026-02-12,attempted,OUT033,Fresh,Gampaha,Peliyagoda,chilled,56,571.7,2.878,R025107,5,VEH005,truck,reefer,06:40,05:30,08:00
ORD0091928,2026-02-12,2026-02-12,attempted,OUT034,Fresh,Gampaha,Peliyagoda,ambient,62,432.4,2.371,R025123,0,VEH027,truck,ambient,05:14,05:00,07:30
ORD0091929,2026-02-12,2026-02-12,attempted,OUT034,Fresh,Gampaha,Peliyagoda,chilled,50,409.8,2.186,R025107,1,VEH005,truck,reefer,05:01,05:00,07:30
ORD0091930,2026-02-12,2026-02-12,attempted,OUT040,Fresh,Kalutara,Peliyagoda,ambient,125,764.1,3.884,R025121,3,VEH025,truck,ambient,05:53,03:00,08:00
ORD0091931,2026-02-12,2026-02-12,attempted,OUT041,Fresh,Kalutara,Peliyagoda,ambient,43,270.5,1.485,R025121,0,VEH025,truck,ambient,04:30,05:00,07:30
ORD0091932,2026-02-12,2026-02-12,attempted,OUT041,Fresh,Kalutara,Peliyagoda,chilled,39,279.1,1.478,R025105,0,VEH004,truck,reefer,05:25,05:00,07:30
ORD0091933,2026-02-12,2026-02-12,attempted,OUT042,Fresh,Kalutara,Peliyagoda,ambient,85,853.9,4.398,R025121,4,VEH025,truck,ambient,06:20,03:00,08:00
ORD0091934,2026-02-12,2026-02-12,attempted,OUT042,Fresh,Kalutara,Peliyagoda,chilled,97,628.5,3.583,R025105,3,VEH004,truck,reefer,06:47,03:00,08:00
ORD0091935,2026-02-12,2026-02-12,attempted,OUT043,Fresh,Kalutara,Peliyagoda,ambient,29,214.2,1.264,R025121,1,VEH025,truck,ambient,04:58,05:00,07:30
ORD0091936,2026-02-12,2026-02-12,attempted,OUT043,Fresh,Kalutara,Peliyagoda,chilled,27,214.9,1.053,R025105,1,VEH004,truck,reefer,05:53,05:00,07:30
ORD0091937,2026-02-12,2026-02-12,attempted,OUT044,Fresh,Kalutara,Peliyagoda,ambient,60,362.5,1.994,R025121,5,VEH025,truck,ambient,06:49,03:00,08:00
ORD0091938,2026-02-12,2026-02-12,attempted,OUT045,Fresh,Kalutara,Peliyagoda,ambient,41,222.7,1.289,R025121,6,VEH025,truck,ambient,07:17,03:00,08:00
ORD0091939,2026-02-12,2026-02-12,attempted,OUT045,Fresh,Kalutara,Peliyagoda,chilled,37,218.5,1.178,R025105,4,VEH004,truck,reefer,07:15,03:00,08:00
ORD0091940,2026-02-12,2026-02-12,attempted,OUT046,Fresh,Kalutara,Peliyagoda,ambient,51,438.9,1.925,R025121,2,VEH025,truck,ambient,05:27,05:00,07:30
ORD0091941,2026-02-12,2026-02-12,attempted,OUT046,Fresh,Kalutara,Peliyagoda,chilled,48,288.3,1.663,R025105,2,VEH004,truck,reefer,06:20,05:00,07:30
ORD0091942,2026-02-12,2026-02-12,attempted,OUT050,Fresh,Galle,Peliyagoda,ambient,57,331.1,1.848,R025120,3,VEH018,truck,ambient,06:40,05:30,08:00
ORD0091943,2026-02-12,2026-02-12,attempted,OUT050,Fresh,Galle,Peliyagoda,chilled,62,432.7,2.182,R025104,3,VEH003,truck,reefer,06:26,05:30,08:00
ORD0091944,2026-02-12,2026-02-12,attempted,OUT051,Fresh,Galle,Peliyagoda,ambient,29,183.0,0.93,R025120,4,VEH018,truck,ambient,07:03,03:00,08:00
ORD0091945,2026-02-12,2026-02-12,attempted,OUT051,Fresh,Galle,Peliyagoda,chilled,15,103.8,0.621,R025104,4,VEH003,truck,reefer,06:50,03:00,08:00
ORD0091946,2026-02-12,2026-02-12,attempted,OUT052,Fresh,Galle,Peliyagoda,ambient,87,501.4,2.734,R025120,0,VEH018,truck,ambient,05:29,05:00,07:30
ORD0091947,2026-02-12,2026-02-12,attempted,OUT052,Fresh,Galle,Peliyagoda,chilled,59,360.7,1.922,R025104,0,VEH003,truck,reefer,05:12,05:00,07:30
ORD0091948,2026-02-12,2026-02-12,attempted,OUT053,Fresh,Galle,Peliyagoda,ambient,26,180.7,0.873,R025120,5,VEH018,truck,ambient,07:26,03:00,08:00
ORD0091949,2026-02-12,2026-02-12,attempted,OUT053,Fresh,Galle,Peliyagoda,chilled,20,139.0,0.766,R025104,5,VEH003,truck,reefer,07:14,03:00,08:00
ORD0091950,2026-02-12,2026-02-12,attempted,OUT054,Fresh,Galle,Peliyagoda,ambient,76,509.0,3.037,R025120,1,VEH018,truck,ambient,05:53,05:00,07:30
ORD0091951,2026-02-12,2026-02-12,attempted,OUT054,Fresh,Galle,Peliyagoda,chilled,111,665.0,3.591,R025104,1,VEH003,truck,reefer,05:38,05:00,07:30
ORD0091952,2026-02-12,2026-02-12,attempted,OUT055,Fresh,Galle,Peliyagoda,ambient,56,323.4,2.037,R025120,2,VEH018,truck,ambient,06:16,05:00,07:30
ORD0091953,2026-02-12,2026-02-12,attempted,OUT055,Fresh,Galle,Peliyagoda,chilled,43,294.2,1.542,R025104,2,VEH003,truck,reefer,06:01,05:00,07:30
ORD0091954,2026-02-12,2026-02-12,attempted,OUT059,Fresh,Matara,Peliyagoda,ambient,70,390.5,2.122,R025116,1,VEH015,truck,ambient,06:37,04:00,07:45
ORD0091955,2026-02-12,2026-02-12,attempted,OUT059,Fresh,Matara,Peliyagoda,chilled,56,399.5,2.153,R025101,1,VEH002,truck,reefer,05:37,04:00,07:45
ORD0091956,2026-02-12,2026-02-12,attempted,OUT060,Fresh,Matara,Peliyagoda,ambient,64,440.0,2.346,R025116,2,VEH015,truck,ambient,07:01,03:00,08:00
ORD0091957,2026-02-12,2026-02-12,attempted,OUT060,Fresh,Matara,Peliyagoda,chilled,51,348.9,1.981,R025101,2,VEH002,truck,reefer,06:01,03:00,08:00
ORD0091958,2026-02-12,2026-02-12,attempted,OUT061,Fresh,Matara,Peliyagoda,ambient,51,419.5,2.162,R025116,0,VEH015,truck,ambient,06:11,05:00,07:30
ORD0091959,2026-02-12,2026-02-12,attempted,OUT061,Fresh,Matara,Peliyagoda,chilled,36,223.1,1.293,R025101,0,VEH002,truck,reefer,05:12,05:00,07:30
ORD0091960,2026-02-12,2026-02-12,attempted,OUT062,Fresh,Matara,Peliyagoda,ambient,68,501.0,2.589,R025116,3,VEH015,truck,ambient,07:27,05:30,08:00
ORD0091961,2026-02-12,2026-02-12,attempted,OUT062,Fresh,Matara,Peliyagoda,chilled,43,330.4,1.688,R025101,3,VEH002,truck,reefer,06:27,05:30,08:00
ORD0091962,2026-02-12,2026-02-12,attempted,OUT065,Fresh,Kurunegala,Peliyagoda,ambient,64,560.4,3.084,R025117,1,VEH016,truck,ambient,04:43,05:30,08:00
ORD0091963,2026-02-12,2026-02-12,attempted,OUT065,Fresh,Kurunegala,Peliyagoda,chilled,62,563.8,2.884,R025102,2,VEH001,truck,reefer,06:37,05:30,08:00
ORD0091964,2026-02-12,2026-02-12,attempted,OUT066,Fresh,Kurunegala,Peliyagoda,ambient,47,339.5,1.941,R025117,0,VEH016,truck,ambient,04:10,04:00,07:45
ORD0091965,2026-02-12,2026-02-12,attempted,OUT066,Fresh,Kurunegala,Peliyagoda,chilled,36,257.6,1.409,R025102,1,VEH001,truck,reefer,06:03,04:00,07:45
ORD0091966,2026-02-12,2026-02-12,attempted,OUT067,Fresh,Kurunegala,Peliyagoda,ambient,47,317.2,1.779,R025118,0,VEH017,truck,ambient,06:05,05:00,07:30
ORD0091967,2026-02-12,2026-02-12,attempted,OUT067,Fresh,Kurunegala,Peliyagoda,chilled,42,347.7,1.509,R025102,0,VEH001,truck,reefer,05:29,05:00,07:30
ORD0091968,2026-02-12,2026-02-12,attempted,OUT068,Fresh,Kurunegala,Peliyagoda,ambient,44,320.2,1.971,R025117,2,VEH016,truck,ambient,05:16,03:00,08:00
ORD0091969,2026-02-12,2026-02-12,attempted,OUT069,Fresh,Kurunegala,Peliyagoda,ambient,54,366.4,1.966,R025117,3,VEH016,truck,ambient,05:51,05:30,08:00
ORD0091970,2026-02-12,2026-02-12,attempted,OUT073,Fresh,Puttalam,Peliyagoda,ambient,55,361.2,1.995,R025115,0,VEH008,truck,ambient,05:51,03:00,08:00
ORD0091971,2026-02-12,2026-02-12,attempted,OUT073,Fresh,Puttalam,Peliyagoda,chilled,58,389.1,2.095,R025100,0,VEH007,truck,reefer,04:10,03:00,08:00
ORD0091972,2026-02-12,2026-02-12,attempted,OUT074,Fresh,Puttalam,Peliyagoda,ambient,48,320.6,1.718,R025115,1,VEH008,truck,ambient,06:30,05:30,08:00
ORD0091973,2026-02-12,2026-02-12,attempted,OUT074,Fresh,Puttalam,Peliyagoda,chilled,41,274.7,1.59,R025100,1,VEH007,truck,reefer,04:47,05:30,08:00
ORD0091974,2026-02-12,2026-02-12,attempted,OUT075,Fresh,Puttalam,Peliyagoda,ambient,23,184.5,1.017,R025115,2,VEH008,truck,ambient,07:10,03:00,08:00
ORD0091975,2026-02-12,2026-02-12,attempted,OUT076,Fresh,Kandy,Kandy,ambient,25,168.5,0.976,R025112,3,VEH059,van,ambient,05:18,03:00,08:00
ORD0091976,2026-02-12,2026-02-12,attempted,OUT076,Fresh,Kandy,Kandy,chilled,18,142.6,0.749,R025097,2,VEH057,van,reefer,06:18,03:00,08:00
ORD0091977,2026-02-12,2026-02-12,attempted,OUT077,Fresh,Kandy,Kandy,ambient,14,107.2,0.569,R025112,0,VEH059,van,ambient,04:13,05:00,07:30
ORD0091978,2026-02-12,2026-02-12,attempted,OUT077,Fresh,Kandy,Kandy,chilled,11,69.2,0.381,R025097,0,VEH057,van,reefer,05:34,05:00,07:30
ORD0091979,2026-02-12,2026-02-12,attempted,OUT078,Fresh,Kandy,Kandy,ambient,16,137.9,0.831,R025112,4,VEH059,van,ambient,05:40,03:00,08:00
ORD0091980,2026-02-12,2026-02-12,attempted,OUT078,Fresh,Kandy,Kandy,chilled,22,184.6,0.928,R025097,3,VEH057,van,reefer,06:40,03:00,08:00
ORD0091981,2026-02-12,2026-02-12,attempted,OUT079,Fresh,Kandy,Kandy,ambient,20,129.4,0.652,R025112,1,VEH059,van,ambient,04:34,04:00,07:45
ORD0091982,2026-02-12,2026-02-12,attempted,OUT079,Fresh,Kandy,Kandy,chilled,17,102.4,0.562,R025097,1,VEH057,van,reefer,05:56,04:00,07:45
ORD0091983,2026-02-12,2026-02-12,attempted,OUT080,Fresh,Kandy,Kandy,ambient,14,106.9,0.545,R025112,5,VEH059,van,ambient,06:02,05:30,08:00
ORD0091984,2026-02-12,2026-02-12,attempted,OUT080,Fresh,Kandy,Kandy,chilled,16,112.4,0.658,R025097,4,VEH057,van,reefer,07:01,05:30,08:00
ORD0091985,2026-02-12,2026-02-12,attempted,OUT081,Fresh,Kandy,Kandy,ambient,20,121.4,0.669,R025112,6,VEH059,van,ambient,06:25,03:00,08:00
ORD0091986,2026-02-12,2026-02-12,attempted,OUT081,Fresh,Kandy,Kandy,chilled,34,194.7,1.075,R025097,5,VEH057,van,reefer,07:23,03:00,08:00
ORD0091987,2026-02-12,2026-02-12,attempted,OUT082,Fresh,Kandy,Kandy,ambient,25,192.8,0.949,R025112,7,VEH059,van,ambient,06:47,03:00,08:00
ORD0091988,2026-02-12,2026-02-12,attempted,OUT082,Fresh,Kandy,Kandy,chilled,12,73.0,0.417,R025097,6,VEH057,van,reefer,07:46,03:00,08:00
ORD0091989,2026-02-12,2026-02-12,attempted,OUT083,Fresh,Kandy,Kandy,ambient,14,77.3,0.447,R025112,2,VEH059,van,ambient,04:56,04:00,07:45
ORD0091990,2026-02-12,2026-02-12,attempted,OUT084,Fresh,Kandy,Kandy,ambient,37,240.8,1.33,R025128,1,VEH045,truck,ambient,06:52,05:30,08:00
ORD0091991,2026-02-12,2026-02-12,attempted,OUT084,Fresh,Kandy,Kandy,chilled,35,293.5,1.498,R025110,0,VEH040,truck,reefer,06:54,05:30,08:00
ORD0091992,2026-02-12,2026-02-12,attempted,OUT085,Fresh,Kandy,Kandy,ambient,43,380.6,1.983,R025128,0,VEH045,truck,ambient,06:31,05:00,07:30
ORD0091993,2026-02-12,2026-02-12,attempted,OUT086,Fresh,Kandy,Kandy,ambient,35,227.8,1.17,R025128,2,VEH045,truck,ambient,07:12,03:00,08:00
ORD0091994,2026-02-12,2026-02-12,attempted,OUT087,Fresh,Kandy,Kandy,ambient,48,374.5,1.948,R025128,3,VEH045,truck,ambient,07:33,03:00,08:00
ORD0091995,2026-02-12,2026-02-12,attempted,OUT087,Fresh,Kandy,Kandy,chilled,36,205.4,1.229,R025110,1,VEH040,truck,reefer,07:15,03:00,08:00
ORD0091996,2026-02-12,2026-02-12,attempted,OUT088,Style,Kandy,Kandy,ambient,10,179.3,2.631,R025129,0,VEH059,van,ambient,09:20,09:00,17:00
ORD0091997,2026-02-12,2026-02-12,attempted,OUT089,Style,Kandy,Kandy,ambient,37,468.5,8.166,R025134,1,VEH046,truck,ambient,09:36,10:30,12:30
ORD0091998,2026-02-12,2026-02-12,attempted,OUT090,Style,Kandy,Kandy,ambient,20,328.4,5.035,R025135,1,VEH056,truck,ambient,09:37,10:30,12:30
ORD0091999,2026-02-12,2026-02-12,attempted,OUT091,Style,Kandy,Kandy,ambient,25,447.8,6.324,R025135,0,VEH056,truck,ambient,08:45,09:00,17:00
ORD0092000,2026-02-12,2026-02-12,attempted,OUT092,Style,Kandy,Kandy,ambient,31,442.7,7.018,R025134,0,VEH046,truck,ambient,08:44,09:00,17:00
ORD0092001,2026-02-12,2026-02-12,attempted,OUT095,Tech,Kandy,Kandy,ambient,5,1261.8,4.246,R025136,0,VEH044,truck,ambient,08:57,09:00,17:00
ORD0092002,2026-02-12,2026-02-12,attempted,OUT096,Fresh,Matale,Kandy,ambient,26,154.3,0.896,R025125,2,VEH048,truck,ambient,05:57,05:30,08:00
ORD0092003,2026-02-12,2026-02-12,attempted,OUT096,Fresh,Matale,Kandy,chilled,22,174.0,0.884,R025108,0,VEH039,truck,reefer,05:12,05:30,08:00
ORD0092004,2026-02-12,2026-02-12,attempted,OUT097,Fresh,Matale,Kandy,ambient,56,389.0,2.091,R025125,3,VEH048,truck,ambient,06:23,03:00,08:00
ORD0092005,2026-02-12,2026-02-12,attempted,OUT097,Fresh,Matale,Kandy,chilled,76,529.1,2.81,R025108,1,VEH039,truck,reefer,05:38,03:00,08:00
ORD0092006,2026-02-12,2026-02-12,attempted,OUT098,Fresh,Matale,Kandy,ambient,53,425.3,2.308,R025125,4,VEH048,truck,ambient,06:48,03:00,08:00
ORD0092007,2026-02-12,2026-02-12,attempted,OUT099,Fresh,Matale,Kandy,ambient,77,493.0,2.421,R025125,0,VEH048,truck,ambient,05:05,05:00,07:30
ORD0092008,2026-02-12,2026-02-12,attempted,OUT100,Fresh,Matale,Kandy,ambient,65,547.8,3.076,R025125,5,VEH048,truck,ambient,07:11,03:00,08:00
ORD0092009,2026-02-12,2026-02-12,attempted,OUT100,Fresh,Matale,Kandy,chilled,120,704.3,3.75,R025108,2,VEH039,truck,reefer,06:05,03:00,08:00
ORD0092010,2026-02-12,2026-02-12,attempted,OUT101,Fresh,Matale,Kandy,ambient,76,483.2,2.501,R025125,1,VEH048,truck,ambient,05:31,05:00,07:30
ORD0092011,2026-02-12,2026-02-12,attempted,OUT104,Fresh,Nuwara Eliya,Kandy,ambient,47,298.7,1.739,R025119,2,VEH044,truck,ambient,05:19,03:00,08:00
ORD0092012,2026-02-12,2026-02-12,attempted,OUT105,Fresh,Nuwara Eliya,Kandy,ambient,29,256.7,1.376,R025119,0,VEH044,truck,ambient,04:09,05:00,07:30
ORD0092013,2026-02-12,2026-02-12,attempted,OUT106,Fresh,Nuwara Eliya,Kandy,ambient,62,436.5,2.25,R025119,3,VEH044,truck,ambient,05:51,05:30,08:00
ORD0092014,2026-02-12,2026-02-12,attempted,OUT106,Fresh,Nuwara Eliya,Kandy,chilled,35,284.7,1.454,R025103,1,VEH043,truck,reefer,04:46,05:30,08:00
ORD0092015,2026-02-12,2026-02-12,attempted,OUT107,Fresh,Nuwara Eliya,Kandy,ambient,58,389.7,2.109,R025119,4,VEH044,truck,ambient,06:27,03:00,08:00
ORD0092016,2026-02-12,2026-02-12,attempted,OUT107,Fresh,Nuwara Eliya,Kandy,chilled,47,373.6,1.848,R025103,2,VEH043,truck,reefer,05:20,03:00,08:00
ORD0092017,2026-02-12,2026-02-12,attempted,OUT108,Fresh,Nuwara Eliya,Kandy,ambient,48,301.2,1.748,R025119,1,VEH044,truck,ambient,04:45,04:00,07:45
ORD0092018,2026-02-12,2026-02-12,attempted,OUT108,Fresh,Nuwara Eliya,Kandy,chilled,43,267.1,1.394,R025103,0,VEH043,truck,reefer,04:07,04:00,07:45
ORD0092019,2026-02-12,2026-02-12,attempted,OUT110,Fresh,Badulla,Kandy,ambient,44,305.4,1.678,R025114,0,VEH056,truck,ambient,05:21,03:00,08:00
ORD0092020,2026-02-12,2026-02-12,attempted,OUT110,Fresh,Badulla,Kandy,chilled,35,225.6,1.184,R025098,0,VEH041,truck,reefer,07:16,03:00,08:00
ORD0092021,2026-02-12,2026-02-12,attempted,OUT111,Fresh,Badulla,Kandy,ambient,34,187.7,1.05,R025114,1,VEH056,truck,ambient,06:01,03:00,08:00
ORD0092022,2026-02-12,2026-02-12,attempted,OUT111,Fresh,Badulla,Kandy,chilled,16,139.5,0.745,R025099,0,VEH040,truck,reefer,07:11,03:00,08:00
ORD0092023,2026-02-12,2026-02-12,attempted,OUT112,Fresh,Badulla,Kandy,ambient,59,397.6,2.218,R025113,0,VEH046,truck,ambient,04:34,04:00,07:45
ORD0092024,2026-02-12,2026-02-12,attempted,OUT113,Fresh,Badulla,Kandy,ambient,83,548.9,2.965,R025113,1,VEH046,truck,ambient,05:13,05:30,08:00
ORD0092025,2026-02-12,2026-02-12,attempted,OUT113,Fresh,Badulla,Kandy,chilled,39,293.6,1.586,R025098,1,VEH041,truck,reefer,07:53,05:30,08:00
ORD0092026,2026-02-12,2026-02-12,attempted,OUT116,Fresh,Kegalle,Kandy,ambient,51,316.7,1.848,R025122,0,VEH045,truck,ambient,04:40,05:00,07:30
ORD0092027,2026-02-12,2026-02-12,attempted,OUT117,Fresh,Kegalle,Kandy,ambient,90,487.1,2.621,R025122,1,VEH045,truck,ambient,05:09,04:00,07:45
ORD0092028,2026-02-12,2026-02-12,attempted,OUT117,Fresh,Kegalle,Kandy,chilled,89,509.3,2.761,R025106,0,VEH039,truck,reefer,06:24,04:00,07:45
ORD0092029,2026-02-12,2026-02-12,attempted,OUT118,Fresh,Kegalle,Kandy,ambient,95,664.0,3.262,R025122,2,VEH045,truck,ambient,05:36,04:00,07:45
ORD0092030,2026-02-12,2026-02-12,attempted,OUT118,Fresh,Kegalle,Kandy,chilled,89,671.1,3.617,R025106,1,VEH039,truck,reefer,06:51,04:00,07:45
ORD0092031,2026-02-12,2026-02-12,attempted,OUT119,Fresh,Kegalle,Kandy,ambient,30,235.4,1.201,R025122,3,VEH045,truck,ambient,06:03,03:00,08:00
ORD0092032,2026-02-12,2026-02-12,attempted,OUT119,Fresh,Kegalle,Kandy,chilled,69,475.2,2.573,R025106,2,VEH039,truck,reefer,07:21,03:00,08:00
ORD0092033,2026-02-13,2026-02-13,attempted,OUT001,Fresh,Colombo,Peliyagoda,ambient,18,109.2,0.595,R025151,0,VEH037,van,ambient,06:03,05:00,07:30
ORD0092034,2026-02-13,2026-02-13,attempted,OUT001,Fresh,Colombo,Peliyagoda,chilled,13,115.7,0.625,R025137,0,VEH035,van,reefer,06:12,05:00,07:30
ORD0092035,2026-02-13,2026-02-13,attempted,OUT002,Fresh,Colombo,Peliyagoda,ambient,21,148.7,0.787,R025151,2,VEH037,van,ambient,06:52,05:30,08:00
ORD0092036,2026-02-13,2026-02-13,attempted,OUT002,Fresh,Colombo,Peliyagoda,chilled,22,162.3,0.886,R025137,2,VEH035,van,reefer,07:01,05:30,08:00
ORD0092037,2026-02-13,2026-02-13,attempted,OUT003,Fresh,Colombo,Peliyagoda,ambient,16,93.2,0.502,R025151,1,VEH037,van,ambient,06:29,05:00,07:30
ORD0092038,2026-02-13,2026-02-13,attempted,OUT003,Fresh,Colombo,Peliyagoda,chilled,11,71.7,0.39,R025137,1,VEH035,van,reefer,06:36,05:00,07:30
ORD0092039,2026-02-13,2026-02-13,attempted,OUT004,Fresh,Colombo,Peliyagoda,ambient,28,200.3,1.054,R025168,2,VEH021,truck,ambient,06:23,05:30,08:00
ORD0092040,2026-02-13,2026-02-13,attempted,OUT004,Fresh,Colombo,Peliyagoda,chilled,24,160.7,0.778,R025149,4,VEH006,truck,reefer,06:34,05:30,08:00
ORD0092041,2026-02-13,2026-02-13,attempted,OUT005,Fresh,Colombo,Peliyagoda,ambient,75,473.6,2.862,R025167,2,VEH012,truck,ambient,06:11,04:00,07:45
ORD0092042,2026-02-13,2026-02-13,attempted,OUT005,Fresh,Colombo,Peliyagoda,chilled,60,393.4,2.083,R025149,2,VEH006,truck,reefer,05:48,04:00,07:45
ORD0092043,2026-02-13,2026-02-13,attempted,OUT006,Fresh,Colombo,Peliyagoda,ambient,84,597.9,3.074,R025167,3,VEH012,truck,ambient,06:34,03:00,08:00
ORD0092044,2026-02-13,2026-02-13,attempted,OUT007,Fresh,Colombo,Peliyagoda,ambient,102,742.2,4.555,R025167,4,VEH012,truck,ambient,06:58,05:30,08:00
ORD0092045,2026-02-13,2026-02-13,attempted,OUT007,Fresh,Colombo,Peliyagoda,chilled,76,428.4,2.293,R025149,5,VEH006,truck,reefer,06:58,05:30,08:00
ORD0092046,2026-02-13,2026-02-13,attempted,OUT008,Fresh,Colombo,Peliyagoda,ambient,67,371.1,2.043,R025168,0,VEH021,truck,ambient,05:36,05:00,07:30
ORD0092047,2026-02-13,2026-02-13,attempted,OUT008,Fresh,Colombo,Peliyagoda,chilled,42,213.2,1.165,R025149,0,VEH006,truck,reefer,05:03,05:00,07:30
ORD0092048,2026-02-13,2026-02-13,attempted,OUT009,Fresh,Colombo,Peliyagoda,ambient,45,296.8,1.65,R025168,1,VEH021,truck,ambient,06:00,04:00,07:45
ORD0092049,2026-02-13,2026-02-13,attempted,OUT009,Fresh,Colombo,Peliyagoda,chilled,50,313.7,1.472,R025149,3,VEH006,truck,reefer,06:10,04:00,07:45
ORD0092050,2026-02-13,2026-02-13,attempted,OUT010,Fresh,Colombo,Peliyagoda,ambient,60,464.7,2.539,R025167,0,VEH012,truck,ambient,05:25,05:00,07:30
ORD0092051,2026-02-13,2026-02-13,attempted,OUT011,Fresh,Colombo,Peliyagoda,ambient,64,496.8,2.482,R025168,3,VEH021,truck,ambient,06:47,03:00,08:00
ORD0092052,2026-02-13,2026-02-13,attempted,OUT012,Fresh,Colombo,Peliyagoda,ambient,53,363.2,2.048,R025168,4,VEH021,truck,ambient,07:10,05:30,08:00
ORD0092053,2026-02-13,2026-02-13,attempted,OUT013,Fresh,Colombo,Peliyagoda,ambient,123,945.0,4.539,R025167,1,VEH012,truck,ambient,05:48,05:00,07:30
ORD0092054,2026-02-13,2026-02-13,attempted,OUT013,Fresh,Colombo,Peliyagoda,chilled,65,454.6,2.365,R025149,1,VEH006,truck,reefer,05:25,05:00,07:30
ORD0092055,2026-02-13,2026-02-13,attempted,OUT014,Fresh,Colombo,Peliyagoda,ambient,41,271.2,1.477,R025168,5,VEH021,truck,ambient,07:33,05:30,08:00
ORD0092056,2026-02-13,2026-02-13,attempted,OUT023,Tech,Colombo,Peliyagoda,ambient,5,852.7,2.924,R025177,1,VEH021,truck,ambient,10:13,09:00,17:00
ORD0092057,2026-02-13,2026-02-13,attempted,OUT024,Tech,Colombo,Peliyagoda,ambient,3,690.6,2.087,R025177,0,VEH021,truck,ambient,09:22,09:00,17:00
ORD0092058,2026-02-13,2026-02-13,attempted,OUT025,Fresh,Gampaha,Peliyagoda,ambient,42,267.7,1.527,R025165,1,VEH017,truck,ambient,05:27,05:30,08:00
ORD0092059,2026-02-13,2026-02-13,attempted,OUT026,Fresh,Gampaha,Peliyagoda,ambient,44,352.9,1.792,R025165,2,VEH017,truck,ambient,05:50,03:00,08:00
ORD0092060,2026-02-13,2026-02-13,attempted,OUT026,Fresh,Gampaha,Peliyagoda,chilled,40,280.9,1.539,R025147,2,VEH005,truck,reefer,06:02,03:00,08:00
ORD0092061,2026-02-13,2026-02-13,attempted,OUT027,Fresh,Gampaha,Peliyagoda,ambient,75,444.4,2.615,R025164,0,VEH034,truck,ambient,05:08,05:00,07:30
ORD0092062,2026-02-13,2026-02-13,attempted,OUT028,Fresh,Gampaha,Peliyagoda,ambient,68,490.3,2.695,R025164,2,VEH034,truck,ambient,05:55,03:00,08:00
ORD0092063,2026-02-13,2026-02-13,attempted,OUT028,Fresh,Gampaha,Peliyagoda,chilled,29,205.2,1.235,R025147,3,VEH005,truck,reefer,06:28,03:00,08:00
ORD0092064,2026-02-13,2026-02-13,attempted,OUT029,Fresh,Gampaha,Peliyagoda,ambient,43,314.4,1.675,R025165,3,VEH017,truck,ambient,06:15,05:30,08:00
ORD0092065,2026-02-13,2026-02-13,attempted,OUT029,Fresh,Gampaha,Peliyagoda,chilled,44,360.7,1.841,R025147,4,VEH005,truck,reefer,06:53,05:30,08:00
ORD0092066,2026-02-13,2026-02-13,attempted,OUT030,Fresh,Gampaha,Peliyagoda,ambient,55,422.8,2.228,R025164,3,VEH034,truck,ambient,06:23,03:00,08:00
ORD0092067,2026-02-13,2026-02-13,attempted,OUT030,Fresh,Gampaha,Peliyagoda,chilled,69,409.9,2.332,R025147,5,VEH005,truck,reefer,07:17,03:00,08:00
ORD0092068,2026-02-13,2026-02-13,attempted,OUT031,Fresh,Gampaha,Peliyagoda,ambient,179,1167.3,6.228,R025164,4,VEH034,truck,ambient,06:49,03:00,08:00
ORD0092069,2026-02-13,2026-02-13,attempted,OUT032,Fresh,Gampaha,Peliyagoda,ambient,93,551.0,3.307,R025164,1,VEH034,truck,ambient,05:31,04:00,07:45
ORD0092070,2026-02-13,2026-02-13,attempted,OUT032,Fresh,Gampaha,Peliyagoda,chilled,141,887.9,4.964,R025147,1,VEH005,truck,reefer,05:37,04:00,07:45
ORD0092071,2026-02-13,2026-02-13,attempted,OUT033,Fresh,Gampaha,Peliyagoda,ambient,80,450.6,2.518,R025164,5,VEH034,truck,ambient,07:13,05:30,08:00
ORD0092072,2026-02-13,2026-02-13,attempted,OUT034,Fresh,Gampaha,Peliyagoda,ambient,47,284.9,1.618,R025165,0,VEH017,truck,ambient,05:03,05:00,07:30
ORD0092073,2026-02-13,2026-02-13,attempted,OUT034,Fresh,Gampaha,Peliyagoda,chilled,57,403.6,2.365,R025147,0,VEH005,truck,reefer,05:13,05:00,07:30
ORD0092074,2026-02-13,2026-02-13,attempted,OUT038,Tech,Gampaha,Peliyagoda,ambient,6,1040.2,3.725,R025176,0,VEH012,truck,ambient,09:17,09:00,17:00
ORD0092075,2026-02-13,2026-02-13,attempted,OUT040,Fresh,Kalutara,Peliyagoda,ambient,65,526.6,2.759,R025162,3,VEH027,truck,ambient,05:59,03:00,08:00
ORD0092076,2026-02-13,2026-02-13,attempted,OUT041,Fresh,Kalutara,Peliyagoda,ambient,57,425.1,2.391,R025162,0,VEH027,truck,ambient,04:34,05:00,07:30
ORD0092077,2026-02-13,2026-02-13,attempted,OUT042,Fresh,Kalutara,Peliyagoda,ambient,129,736.4,4.14,R025162,4,VEH027,truck,ambient,06:26,03:00,08:00
ORD0092078,2026-02-13,2026-02-13,attempted,OUT043,Fresh,Kalutara,Peliyagoda,ambient,33,196.3,1.249,R025162,1,VEH027,truck,ambient,05:03,05:00,07:30
ORD0092079,2026-02-13,2026-02-13,attempted,OUT043,Fresh,Kalutara,Peliyagoda,chilled,43,276.9,1.352,R025145,0,VEH004,truck,reefer,04:40,05:00,07:30
ORD0092080,2026-02-13,2026-02-13,attempted,OUT044,Fresh,Kalutara,Peliyagoda,ambient,58,399.5,2.011,R025162,5,VEH027,truck,ambient,06:53,03:00,08:00
ORD0092081,2026-02-13,2026-02-13,attempted,OUT044,Fresh,Kalutara,Peliyagoda,chilled,36,222.8,1.177,R025145,2,VEH004,truck,reefer,05:36,03:00,08:00
ORD0092082,2026-02-13,2026-02-13,attempted,OUT045,Fresh,Kalutara,Peliyagoda,ambient,40,322.9,1.521,R025162,6,VEH027,truck,ambient,07:20,03:00,08:00
ORD0092083,2026-02-13,2026-02-13,attempted,OUT046,Fresh,Kalutara,Peliyagoda,ambient,37,252.6,1.489,R025162,2,VEH027,truck,ambient,05:33,05:00,07:30
ORD0092084,2026-02-13,2026-02-13,attempted,OUT046,Fresh,Kalutara,Peliyagoda,chilled,38,277.2,1.547,R025145,1,VEH004,truck,reefer,05:10,05:00,07:30
ORD0092085,2026-02-13,2026-02-13,attempted,OUT050,Fresh,Galle,Peliyagoda,ambient,51,347.2,2.001,R025161,3,VEH018,truck,ambient,05:54,05:30,08:00
ORD0092086,2026-02-13,2026-02-13,attempted,OUT051,Fresh,Galle,Peliyagoda,ambient,31,249.2,1.274,R025161,4,VEH018,truck,ambient,06:18,03:00,08:00
ORD0092087,2026-02-13,2026-02-13,attempted,OUT052,Fresh,Galle,Peliyagoda,ambient,69,524.6,2.791,R025161,0,VEH018,truck,ambient,04:41,05:00,07:30
ORD0092088,2026-02-13,2026-02-13,attempted,OUT053,Fresh,Galle,Peliyagoda,ambient,26,179.6,1.048,R025161,5,VEH018,truck,ambient,06:43,03:00,08:00
ORD0092089,2026-02-13,2026-02-13,attempted,OUT053,Fresh,Galle,Peliyagoda,chilled,34,170.2,1.05,R025144,1,VEH003,truck,reefer,05:16,03:00,08:00
ORD0092090,2026-02-13,2026-02-13,attempted,OUT054,Fresh,Galle,Peliyagoda,ambient,98,681.6,3.669,R025161,1,VEH018,truck,ambient,05:06,05:00,07:30
ORD0092091,2026-02-13,2026-02-13,attempted,OUT054,Fresh,Galle,Peliyagoda,chilled,161,992.7,5.028,R025144,0,VEH003,truck,reefer,04:53,05:00,07:30
ORD0092092,2026-02-13,2026-02-13,attempted,OUT055,Fresh,Galle,Peliyagoda,ambient,70,473.4,2.385,R025161,2,VEH018,truck,ambient,05:30,05:00,07:30
ORD0092093,2026-02-13,2026-02-13,attempted,OUT056,Style,Galle,Peliyagoda,ambient,38,482.9,7.72,R025175,0,VEH034,truck,ambient,10:39,10:00,12:00
ORD0092094,2026-02-13,2026-02-13,attempted,OUT057,Style,Galle,Peliyagoda,ambient,56,806.4,13.349,R025174,0,VEH027,truck,ambient,09:07,09:00,17:00
ORD0092095,2026-02-13,2026-02-13,attempted,OUT059,Fresh,Matara,Peliyagoda,ambient,55,374.0,2.288,R025157,1,VEH015,truck,ambient,05:35,04:00,07:45
ORD0092096,2026-02-13,2026-02-13,attempted,OUT060,Fresh,Matara,Peliyagoda,ambient,37,297.5,1.521,R025157,2,VEH015,truck,ambient,05:59,03:00,08:00
ORD0092097,2026-02-13,2026-02-13,attempted,OUT060,Fresh,Matara,Peliyagoda,chilled,76,502.8,2.788,R025141,0,VEH002,truck,reefer,04:53,03:00,08:00
ORD0092098,2026-02-13,2026-02-13,attempted,OUT061,Fresh,Matara,Peliyagoda,ambient,44,362.5,1.892,R025157,0,VEH015,truck,ambient,05:09,05:00,07:30
ORD0092099,2026-02-13,2026-02-13,attempted,OUT062,Fresh,Matara,Peliyagoda,ambient,63,503.8,2.857,R025157,3,VEH015,truck,ambient,06:24,05:30,08:00
ORD0092100,2026-02-13,2026-02-13,attempted,OUT062,Fresh,Matara,Peliyagoda,chilled,38,233.7,1.323,R025141,1,VEH002,truck,reefer,05:18,05:30,08:00
ORD0092101,2026-02-13,2026-02-13,attempted,OUT063,Style,Matara,Peliyagoda,ambient,44,703.9,11.005,R025170,0,VEH008,truck,ambient,09:59,09:00,17:00
ORD0092102,2026-02-13,2026-02-13,attempted,OUT064,Tech,Matara,Peliyagoda,ambient,5,1164.6,3.562,R025171,0,VEH015,truck,ambient,09:38,09:00,17:00
ORD0092103,2026-02-13,2026-02-13,attempted,OUT065,Fresh,Kurunegala,Peliyagoda,ambient,65,400.1,2.456,R025158,2,VEH016,truck,ambient,05:49,05:30,08:00
ORD0092104,2026-02-13,2026-02-13,attempted,OUT065,Fresh,Kurunegala,Peliyagoda,chilled,89,597.6,3.54,R025142,2,VEH001,truck,reefer,06:17,05:30,08:00
ORD0092105,2026-02-13,2026-02-13,attempted,OUT066,Fresh,Kurunegala,Peliyagoda,ambient,71,379.2,2.137,R025158,1,VEH016,truck,ambient,05:17,04:00,07:45
ORD0092106,2026-02-13,2026-02-13,attempted,OUT066,Fresh,Kurunegala,Peliyagoda,chilled,52,416.6,2.065,R025142,1,VEH001,truck,reefer,05:45,04:00,07:45
ORD0092107,2026-02-13,2026-02-13,attempted,OUT067,Fresh,Kurunegala,Peliyagoda,ambient,53,381.8,1.969,R025158,0,VEH016,truck,ambient,04:43,05:00,07:30
ORD0092108,2026-02-13,2026-02-13,attempted,OUT067,Fresh,Kurunegala,Peliyagoda,chilled,74,452.1,2.292,R025142,0,VEH001,truck,reefer,05:12,05:00,07:30
ORD0092109,2026-02-13,2026-02-13,attempted,OUT068,Fresh,Kurunegala,Peliyagoda,ambient,46,302.0,1.768,R025159,0,VEH017,truck,ambient,03:57,03:00,08:00
ORD0092110,2026-02-13,2026-02-13,attempted,OUT069,Fresh,Kurunegala,Peliyagoda,ambient,54,492.1,2.677,R025158,3,VEH016,truck,ambient,06:24,05:30,08:00
ORD0092111,2026-02-13,2026-02-13,attempted,OUT070,Style,Kurunegala,Peliyagoda,ambient,25,433.6,6.634,R025172,1,VEH016,truck,ambient,10:40,09:00,17:00
ORD0092112,2026-02-13,2026-02-13,attempted,OUT071,Style,Kurunegala,Peliyagoda,ambient,33,501.8,7.921,R025172,0,VEH016,truck,ambient,09:39,09:00,17:00
ORD0092113,2026-02-13,2026-02-13,attempted,OUT072,Tech,Kurunegala,Peliyagoda,ambient,3,564.4,1.828,R025173,0,VEH018,truck,ambient,09:22,09:00,17:00
ORD0092114,2026-02-13,2026-02-13,attempted,OUT073,Fresh,Puttalam,Peliyagoda,ambient,44,361.2,1.795,R025156,0,VEH008,truck,ambient,05:39,03:00,08:00
ORD0092115,2026-02-13,2026-02-13,attempted,OUT074,Fresh,Puttalam,Peliyagoda,ambient,52,307.2,1.752,R025156,1,VEH008,truck,ambient,06:14,05:30,08:00
ORD0092116,2026-02-13,2026-02-13,attempted,OUT074,Fresh,Puttalam,Peliyagoda,chilled,51,387.8,1.828,R025140,0,VEH007,truck,reefer,05:38,05:30,08:00
ORD0092117,2026-02-13,2026-02-13,attempted,OUT075,Fresh,Puttalam,Peliyagoda,ambient,30,279.8,1.431,R025156,2,VEH008,truck,ambient,06:51,03:00,08:00
ORD0092118,2026-02-13,2026-02-13,attempted,OUT076,Fresh,Kandy,Kandy,ambient,28,192.5,1.074,R025152,1,VEH059,van,ambient,05:40,03:00,08:00
ORD0092119,2026-02-13,2026-02-13,attempted,OUT076,Fresh,Kandy,Kandy,chilled,22,166.5,0.788,R025138,2,VEH057,van,reefer,05:52,03:00,08:00
ORD0092120,2026-02-13,2026-02-13,attempted,OUT077,Fresh,Kandy,Kandy,ambient,20,158.8,0.77,R025152,0,VEH059,van,ambient,05:18,05:00,07:30
ORD0092121,2026-02-13,2026-02-13,attempted,OUT077,Fresh,Kandy,Kandy,chilled,19,122.3,0.694,R025138,0,VEH057,van,reefer,05:08,05:00,07:30
ORD0092122,2026-02-13,2026-02-13,attempted,OUT078,Fresh,Kandy,Kandy,ambient,27,150.2,0.845,R025152,2,VEH059,van,ambient,06:01,03:00,08:00
ORD0092123,2026-02-13,2026-02-13,attempted,OUT079,Fresh,Kandy,Kandy,ambient,19,112.4,0.631,R025153,0,VEH059,van,ambient,06:51,04:00,07:45
ORD0092124,2026-02-13,2026-02-13,attempted,OUT080,Fresh,Kandy,Kandy,ambient,25,169.7,0.873,R025152,3,VEH059,van,ambient,06:23,05:30,08:00
ORD0092125,2026-02-13,2026-02-13,attempted,OUT080,Fresh,Kandy,Kandy,chilled,28,172.3,0.948,R025138,3,VEH057,van,reefer,06:14,05:30,08:00
ORD0092126,2026-02-13,2026-02-13,attempted,OUT081,Fresh,Kandy,Kandy,ambient,29,197.2,1.112,R025152,4,VEH059,van,ambient,06:45,03:00,08:00
ORD0092127,2026-02-13,2026-02-13,attempted,OUT082,Fresh,Kandy,Kandy,ambient,34,191.3,1.093,R025152,5,VEH059,van,ambient,07:06,03:00,08:00
ORD0092128,2026-02-13,2026-02-13,attempted,OUT082,Fresh,Kandy,Kandy,chilled,9,88.5,0.433,R025138,4,VEH057,van,reefer,06:36,03:00,08:00
ORD0092129,2026-02-13,2026-02-13,attempted,OUT083,Fresh,Kandy,Kandy,ambient,10,109.6,0.596,R025153,1,VEH059,van,ambient,07:13,04:00,07:45
ORD0092130,2026-02-13,2026-02-13,attempted,OUT083,Fresh,Kandy,Kandy,chilled,20,150.7,0.79,R025138,1,VEH057,van,reefer,05:30,04:00,07:45
ORD0092131,2026-02-13,2026-02-13,attempted,OUT084,Fresh,Kandy,Kandy,ambient,38,290.5,1.347,R025169,1,VEH045,truck,ambient,05:42,05:30,08:00
ORD0092132,2026-02-13,2026-02-13,attempted,OUT084,Fresh,Kandy,Kandy,chilled,46,326.9,1.706,R025150,1,VEH043,truck,reefer,06:36,05:30,08:00
ORD0092133,2026-02-13,2026-02-13,attempted,OUT085,Fresh,Kandy,Kandy,ambient,64,415.9,2.429,R025169,0,VEH045,truck,ambient,05:19,05:00,07:30
ORD0092134,2026-02-13,2026-02-13,attempted,OUT085,Fresh,Kandy,Kandy,chilled,80,475.7,2.384,R025150,0,VEH043,truck,reefer,06:15,05:00,07:30
ORD0092135,2026-02-13,2026-02-13,attempted,OUT086,Fresh,Kandy,Kandy,ambient,43,339.0,1.609,R025169,2,VEH045,truck,ambient,06:03,03:00,08:00
ORD0092136,2026-02-13,2026-02-13,attempted,OUT086,Fresh,Kandy,Kandy,chilled,50,390.6,2.133,R025150,2,VEH043,truck,reefer,06:56,03:00,08:00
ORD0092137,2026-02-13,2026-02-13,attempted,OUT087,Fresh,Kandy,Kandy,ambient,50,360.4,2.033,R025169,3,VEH045,truck,ambient,06:25,03:00,08:00
ORD0092138,2026-02-13,2026-02-13,attempted,OUT096,Fresh,Matale,Kandy,ambient,35,240.8,1.292,R025166,2,VEH048,truck,ambient,05:57,05:30,08:00
ORD0092139,2026-02-13,2026-02-13,attempted,OUT096,Fresh,Matale,Kandy,chilled,30,187.3,1.101,R025148,1,VEH040,truck,reefer,06:45,05:30,08:00
ORD0092140,2026-02-13,2026-02-13,attempted,OUT097,Fresh,Matale,Kandy,ambient,89,579.4,3.329,R025166,3,VEH048,truck,ambient,06:24,03:00,08:00
ORD0092141,2026-02-13,2026-02-13,attempted,OUT098,Fresh,Matale,Kandy,ambient,85,431.1,2.666,R025166,4,VEH048,truck,ambient,06:51,03:00,08:00
ORD0092142,2026-02-13,2026-02-13,attempted,OUT098,Fresh,Matale,Kandy,chilled,56,371.0,2.081,R025148,2,VEH040,truck,reefer,07:12,03:00,08:00
ORD0092143,2026-02-13,2026-02-13,attempted,OUT099,Fresh,Matale,Kandy,ambient,81,517.1,3.101,R025166,0,VEH048,truck,ambient,05:04,05:00,07:30
ORD0092144,2026-02-13,2026-02-13,attempted,OUT100,Fresh,Matale,Kandy,ambient,90,585.4,3.308,R025166,5,VEH048,truck,ambient,07:18,03:00,08:00
ORD0092145,2026-02-13,2026-02-13,attempted,OUT101,Fresh,Matale,Kandy,ambient,57,451.2,2.359,R025166,1,VEH048,truck,ambient,05:31,05:00,07:30
ORD0092146,2026-02-13,2026-02-13,attempted,OUT101,Fresh,Matale,Kandy,chilled,72,461.5,2.654,R025148,0,VEH040,truck,reefer,06:18,05:00,07:30
ORD0092147,2026-02-13,2026-02-13,attempted,OUT104,Fresh,Nuwara Eliya,Kandy,ambient,53,360.5,1.946,R025160,2,VEH044,truck,ambient,06:18,03:00,08:00
ORD0092148,2026-02-13,2026-02-13,attempted,OUT104,Fresh,Nuwara Eliya,Kandy,chilled,35,218.0,1.413,R025143,0,VEH040,truck,reefer,03:58,03:00,08:00
ORD0092149,2026-02-13,2026-02-13,attempted,OUT105,Fresh,Nuwara Eliya,Kandy,ambient,56,347.1,1.972,R025160,0,VEH044,truck,ambient,05:10,05:00,07:30
ORD0092150,2026-02-13,2026-02-13,attempted,OUT106,Fresh,Nuwara Eliya,Kandy,ambient,60,423.6,2.187,R025160,3,VEH044,truck,ambient,06:52,05:30,08:00
ORD0092151,2026-02-13,2026-02-13,attempted,OUT107,Fresh,Nuwara Eliya,Kandy,ambient,104,652.8,3.409,R025160,4,VEH044,truck,ambient,07:27,03:00,08:00
ORD0092152,2026-02-13,2026-02-13,attempted,OUT107,Fresh,Nuwara Eliya,Kandy,chilled,40,275.8,1.488,R025143,1,VEH040,truck,reefer,04:33,03:00,08:00
ORD0092153,2026-02-13,2026-02-13,attempted,OUT108,Fresh,Nuwara Eliya,Kandy,ambient,87,432.6,2.382,R025160,1,VEH044,truck,ambient,05:47,04:00,07:45
ORD0092154,2026-02-13,2026-02-13,attempted,OUT110,Fresh,Badulla,Kandy,ambient,51,318.4,1.804,R025155,0,VEH056,truck,ambient,05:16,03:00,08:00
ORD0092155,2026-02-13,2026-02-13,attempted,OUT111,Fresh,Badulla,Kandy,ambient,37,264.1,1.515,R025155,1,VEH056,truck,ambient,05:54,03:00,08:00
ORD0092156,2026-02-13,2026-02-13,attempted,OUT111,Fresh,Badulla,Kandy,chilled,18,116.9,0.612,R025139,1,VEH041,truck,reefer,07:07,03:00,08:00
ORD0092157,2026-02-13,2026-02-13,attempted,OUT112,Fresh,Badulla,Kandy,ambient,75,531.8,2.896,R025154,0,VEH046,truck,ambient,07:02,04:00,07:45
ORD0092158,2026-02-13,2026-02-13,attempted,OUT112,Fresh,Badulla,Kandy,chilled,56,350.8,1.909,R025139,0,VEH041,truck,reefer,06:28,04:00,07:45
ORD0092159,2026-02-13,2026-02-13,attempted,OUT113,Fresh,Badulla,Kandy,ambient,79,605.1,3.39,R025154,1,VEH046,truck,ambient,07:38,05:30,08:00
ORD0092160,2026-02-13,2026-02-13,attempted,OUT116,Fresh,Kegalle,Kandy,ambient,67,477.7,2.575,R025163,0,VEH045,truck,ambient,06:22,05:00,07:30
ORD0092161,2026-02-13,2026-02-13,attempted,OUT116,Fresh,Kegalle,Kandy,chilled,46,319.1,1.745,R025146,0,VEH043,truck,reefer,05:54,05:00,07:30
ORD0092162,2026-02-13,2026-02-13,attempted,OUT117,Fresh,Kegalle,Kandy,ambient,105,726.1,3.97,R025163,1,VEH045,truck,ambient,06:51,04:00,07:45
ORD0092163,2026-02-13,2026-02-13,attempted,OUT117,Fresh,Kegalle,Kandy,chilled,59,487.9,2.804,R025146,1,VEH043,truck,reefer,06:21,04:00,07:45
ORD0092164,2026-02-13,2026-02-13,attempted,OUT118,Fresh,Kegalle,Kandy,ambient,105,691.8,3.703,R025163,2,VEH045,truck,ambient,07:18,04:00,07:45
ORD0092165,2026-02-13,2026-02-13,attempted,OUT118,Fresh,Kegalle,Kandy,chilled,98,663.9,3.56,R025146,2,VEH043,truck,reefer,06:47,04:00,07:45
ORD0092166,2026-02-13,2026-02-13,attempted,OUT119,Fresh,Kegalle,Kandy,ambient,51,362.7,2.036,R025163,3,VEH045,truck,ambient,07:46,03:00,08:00
ORD0092167,2026-02-13,2026-02-13,attempted,OUT119,Fresh,Kegalle,Kandy,chilled,79,466.4,2.414,R025146,3,VEH043,truck,reefer,07:16,03:00,08:00
ORD0092168,2026-02-14,2026-02-14,attempted,OUT001,Fresh,Colombo,Peliyagoda,ambient,10,66.0,0.403,R025193,0,VEH037,van,ambient,04:57,05:00,07:30
ORD0092169,2026-02-14,2026-02-14,attempted,OUT002,Fresh,Colombo,Peliyagoda,ambient,17,114.5,0.683,R025193,2,VEH037,van,ambient,05:44,05:30,08:00
ORD0092170,2026-02-14,2026-02-14,attempted,OUT002,Fresh,Colombo,Peliyagoda,chilled,19,127.2,0.613,R025178,1,VEH035,van,reefer,05:24,05:30,08:00
ORD0092171,2026-02-14,2026-02-14,attempted,OUT003,Fresh,Colombo,Peliyagoda,ambient,19,153.2,0.703,R025193,1,VEH037,van,ambient,05:19,05:00,07:30
ORD0092172,2026-02-14,2026-02-14,attempted,OUT003,Fresh,Colombo,Peliyagoda,chilled,11,75.5,0.403,R025178,0,VEH035,van,reefer,05:00,05:00,07:30
ORD0092173,2026-02-14,2026-02-14,attempted,OUT004,Fresh,Colombo,Peliyagoda,ambient,35,221.3,1.248,R025210,3,VEH021,truck,ambient,05:19,05:30,08:00
ORD0092174,2026-02-14,2026-02-14,attempted,OUT004,Fresh,Colombo,Peliyagoda,chilled,15,128.3,0.68,R025191,4,VEH006,truck,reefer,06:54,05:30,08:00
ORD0092175,2026-02-14,2026-02-14,attempted,OUT005,Fresh,Colombo,Peliyagoda,ambient,83,554.6,2.882,R025209,1,VEH012,truck,ambient,04:59,04:00,07:45
ORD0092176,2026-02-14,2026-02-14,attempted,OUT005,Fresh,Colombo,Peliyagoda,chilled,64,408.4,2.208,R025191,2,VEH006,truck,reefer,06:07,04:00,07:45
ORD0092177,2026-02-14,2026-02-14,attempted,OUT006,Fresh,Colombo,Peliyagoda,ambient,54,472.1,2.358,R025209,2,VEH012,truck,ambient,05:23,03:00,08:00
ORD0092178,2026-02-14,2026-02-14,attempted,OUT006,Fresh,Colombo,Peliyagoda,chilled,81,509.2,2.558,R025191,5,VEH006,truck,reefer,07:17,03:00,08:00
ORD0092179,2026-02-14,2026-02-14,attempted,OUT007,Fresh,Colombo,Peliyagoda,ambient,138,960.7,4.974,R025209,3,VEH012,truck,ambient,05:48,05:30,08:00
ORD0092180,2026-02-14,2026-02-14,attempted,OUT007,Fresh,Colombo,Peliyagoda,chilled,81,468.7,2.694,R025191,6,VEH006,truck,reefer,07:39,05:30,08:00
ORD0092181,2026-02-14,2026-02-14,attempted,OUT008,Fresh,Colombo,Peliyagoda,ambient,43,309.1,1.705,R025210,0,VEH021,truck,ambient,04:11,05:00,07:30
ORD0092182,2026-02-14,2026-02-14,attempted,OUT009,Fresh,Colombo,Peliyagoda,ambient,44,300.7,1.738,R025210,2,VEH021,truck,ambient,04:57,04:00,07:45
ORD0092183,2026-02-14,2026-02-14,attempted,OUT009,Fresh,Colombo,Peliyagoda,chilled,45,272.0,1.722,R025191,3,VEH006,truck,reefer,06:31,04:00,07:45
ORD0092184,2026-02-14,2026-02-14,attempted,OUT010,Fresh,Colombo,Peliyagoda,ambient,50,380.6,2.106,R025210,1,VEH021,truck,ambient,04:34,05:00,07:30
ORD0092185,2026-02-14,2026-02-14,attempted,OUT010,Fresh,Colombo,Peliyagoda,chilled,48,345.4,1.782,R025191,0,VEH006,truck,reefer,05:21,05:00,07:30
ORD0092186,2026-02-14,2026-02-14,attempted,OUT011,Fresh,Colombo,Peliyagoda,ambient,59,489.4,2.318,R025209,4,VEH012,truck,ambient,06:13,03:00,08:00
ORD0092187,2026-02-14,2026-02-14,attempted,OUT012,Fresh,Colombo,Peliyagoda,ambient,47,295.4,1.697,R025210,4,VEH021,truck,ambient,05:43,05:30,08:00
ORD0092188,2026-02-14,2026-02-14,attempted,OUT012,Fresh,Colombo,Peliyagoda,chilled,30,239.7,1.419,R025191,7,VEH006,truck,reefer,08:05,05:30,08:00
ORD0092189,2026-02-14,2026-02-14,attempted,OUT013,Fresh,Colombo,Peliyagoda,ambient,133,780.0,4.418,R025209,0,VEH012,truck,ambient,04:36,05:00,07:30
ORD0092190,2026-02-14,2026-02-14,attempted,OUT013,Fresh,Colombo,Peliyagoda,chilled,69,490.2,2.636,R025191,1,VEH006,truck,reefer,05:44,05:00,07:30
ORD0092191,2026-02-14,2026-02-14,attempted,OUT014,Fresh,Colombo,Peliyagoda,ambient,37,220.4,1.201,R025210,5,VEH021,truck,ambient,06:05,05:30,08:00
ORD0092192,2026-02-14,2026-02-14,attempted,OUT014,Fresh,Colombo,Peliyagoda,chilled,43,328.9,1.541,R025191,8,VEH006,truck,reefer,08:27,05:30,08:00
ORD0092193,2026-02-14,2026-02-14,attempted,OUT025,Fresh,Gampaha,Peliyagoda,ambient,38,281.1,1.418,R025207,0,VEH034,truck,ambient,05:04,05:30,08:00
ORD0092194,2026-02-14,2026-02-14,attempted,OUT026,Fresh,Gampaha,Peliyagoda,ambient,44,372.8,1.749,R025207,1,VEH034,truck,ambient,05:29,03:00,08:00
ORD0092195,2026-02-14,2026-02-14,attempted,OUT026,Fresh,Gampaha,Peliyagoda,chilled,30,172.4,0.909,R025189,1,VEH003,truck,reefer,06:42,03:00,08:00
ORD0092196,2026-02-14,2026-02-14,attempted,OUT027,Fresh,Gampaha,Peliyagoda,ambient,75,514.1,2.883,R025206,0,VEH027,truck,ambient,05:28,05:00,07:30
ORD0092197,2026-02-14,2026-02-14,attempted,OUT027,Fresh,Gampaha,Peliyagoda,chilled,40,268.8,1.637,R025189,0,VEH003,truck,reefer,06:17,05:00,07:30
ORD0092198,2026-02-14,2026-02-14,attempted,OUT028,Fresh,Gampaha,Peliyagoda,ambient,54,405.4,2.215,R025207,2,VEH034,truck,ambient,05:55,03:00,08:00
ORD0092199,2026-02-14,2026-02-14,attempted,OUT028,Fresh,Gampaha,Peliyagoda,chilled,41,342.5,1.853,R025188,2,VEH005,truck,reefer,05:55,03:00,08:00
ORD0092200,2026-02-14,2026-02-14,attempted,OUT029,Fresh,Gampaha,Peliyagoda,ambient,47,302.3,1.783,R025207,3,VEH034,truck,ambient,06:20,05:30,08:00
ORD0092201,2026-02-14,2026-02-14,attempted,OUT029,Fresh,Gampaha,Peliyagoda,chilled,52,357.2,1.842,R025189,2,VEH003,truck,reefer,07:06,05:30,08:00
ORD0092202,2026-02-14,2026-02-14,attempted,OUT030,Fresh,Gampaha,Peliyagoda,ambient,68,490.4,2.599,R025206,3,VEH027,truck,ambient,06:42,03:00,08:00
ORD0092203,2026-02-14,2026-02-14,attempted,OUT031,Fresh,Gampaha,Peliyagoda,ambient,120,983.3,5.038,R025206,4,VEH027,truck,ambient,07:05,03:00,08:00
ORD0092204,2026-02-14,2026-02-14,attempted,OUT031,Fresh,Gampaha,Peliyagoda,chilled,144,1213.6,6.352,R025188,3,VEH005,truck,reefer,06:20,03:00,08:00
ORD0092205,2026-02-14,2026-02-14,attempted,OUT032,Fresh,Gampaha,Peliyagoda,ambient,111,717.2,3.731,R025206,2,VEH027,truck,ambient,06:17,04:00,07:45
ORD0092206,2026-02-14,2026-02-14,attempted,OUT032,Fresh,Gampaha,Peliyagoda,chilled,124,757.9,4.258,R025188,1,VEH005,truck,reefer,05:30,04:00,07:45
ORD0092207,2026-02-14,2026-02-14,attempted,OUT033,Fresh,Gampaha,Peliyagoda,ambient,66,289.8,1.935,R025207,4,VEH034,truck,ambient,06:44,05:30,08:00
ORD0092208,2026-02-14,2026-02-14,attempted,OUT033,Fresh,Gampaha,Peliyagoda,chilled,84,512.5,2.653,R025188,4,VEH005,truck,reefer,06:46,05:30,08:00
ORD0092209,2026-02-14,2026-02-14,attempted,OUT034,Fresh,Gampaha,Peliyagoda,ambient,53,468.9,2.216,R025206,1,VEH027,truck,ambient,05:52,05:00,07:30
ORD0092210,2026-02-14,2026-02-14,attempted,OUT034,Fresh,Gampaha,Peliyagoda,chilled,74,452.0,2.204,R025188,0,VEH005,truck,reefer,05:05,05:00,07:30
ORD0092211,2026-02-14,2026-02-14,attempted,OUT040,Fresh,Kalutara,Peliyagoda,ambient,57,417.9,2.596,R025204,3,VEH025,truck,ambient,06:20,03:00,08:00
ORD0092212,2026-02-14,2026-02-14,attempted,OUT040,Fresh,Kalutara,Peliyagoda,chilled,77,526.6,2.878,R025186,2,VEH004,truck,reefer,06:00,03:00,08:00
ORD0092213,2026-02-14,2026-02-14,attempted,OUT041,Fresh,Kalutara,Peliyagoda,ambient,62,440.3,2.366,R025204,0,VEH025,truck,ambient,04:54,05:00,07:30
ORD0092214,2026-02-14,2026-02-14,attempted,OUT041,Fresh,Kalutara,Peliyagoda,chilled,58,405.7,2.187,R025186,0,VEH004,truck,reefer,05:04,05:00,07:30
ORD0092215,2026-02-14,2026-02-14,attempted,OUT042,Fresh,Kalutara,Peliyagoda,ambient,159,939.9,5.746,R025204,4,VEH025,truck,ambient,06:48,03:00,08:00
ORD0092216,2026-02-14,2026-02-14,attempted,OUT043,Fresh,Kalutara,Peliyagoda,ambient,46,276.4,1.549,R025204,1,VEH025,truck,ambient,05:22,05:00,07:30
ORD0092217,2026-02-14,2026-02-14,attempted,OUT044,Fresh,Kalutara,Peliyagoda,ambient,50,423.0,2.219,R025204,5,VEH025,truck,ambient,07:14,03:00,08:00
ORD0092218,2026-02-14,2026-02-14,attempted,OUT044,Fresh,Kalutara,Peliyagoda,chilled,32,216.9,1.118,R025186,3,VEH004,truck,reefer,06:29,03:00,08:00
ORD0092219,2026-02-14,2026-02-14,attempted,OUT045,Fresh,Kalutara,Peliyagoda,ambient,42,283.7,1.36,R025204,6,VEH025,truck,ambient,07:41,03:00,08:00
ORD0092220,2026-02-14,2026-02-14,attempted,OUT045,Fresh,Kalutara,Peliyagoda,chilled,38,290.7,1.527,R025186,4,VEH004,truck,reefer,06:57,03:00,08:00
ORD0092221,2026-02-14,2026-02-14,attempted,OUT046,Fresh,Kalutara,Peliyagoda,ambient,33,278.9,1.416,R025204,2,VEH025,truck,ambient,05:50,05:00,07:30
ORD0092222,2026-02-14,2026-02-14,attempted,OUT046,Fresh,Kalutara,Peliyagoda,chilled,33,212.0,1.199,R025186,1,VEH004,truck,reefer,05:31,05:00,07:30
ORD0092223,2026-02-14,2026-02-14,attempted,OUT050,Fresh,Galle,Peliyagoda,ambient,60,424.1,2.454,R025203,3,VEH018,truck,ambient,06:21,05:30,08:00
ORD0092224,2026-02-14,2026-02-14,attempted,OUT051,Fresh,Galle,Peliyagoda,ambient,34,198.2,1.088,R025203,4,VEH018,truck,ambient,06:45,03:00,08:00
ORD0092225,2026-02-14,2026-02-14,attempted,OUT052,Fresh,Galle,Peliyagoda,ambient,82,545.2,2.979,R025203,0,VEH018,truck,ambient,05:06,05:00,07:30
ORD0092226,2026-02-14,2026-02-14,attempted,OUT052,Fresh,Galle,Peliyagoda,chilled,73,395.0,2.162,R025185,0,VEH003,truck,reefer,05:23,05:00,07:30
ORD0092227,2026-02-14,2026-02-14,attempted,OUT053,Fresh,Galle,Peliyagoda,ambient,30,182.8,1.014,R025203,5,VEH018,truck,ambient,07:11,03:00,08:00
ORD0092228,2026-02-14,2026-02-14,attempted,OUT054,Fresh,Galle,Peliyagoda,ambient,98,622.1,3.357,R025203,1,VEH018,truck,ambient,05:31,05:00,07:30
ORD0092229,2026-02-14,2026-02-14,attempted,OUT055,Fresh,Galle,Peliyagoda,ambient,39,286.2,1.457,R025203,2,VEH018,truck,ambient,05:55,05:00,07:30
ORD0092230,2026-02-14,2026-02-14,attempted,OUT055,Fresh,Galle,Peliyagoda,chilled,25,209.5,1.172,R025185,1,VEH003,truck,reefer,05:48,05:00,07:30
ORD0092231,2026-02-14,2026-02-14,attempted,OUT059,Fresh,Matara,Peliyagoda,ambient,51,355.6,1.773,R025199,1,VEH015,truck,ambient,05:28,04:00,07:45
ORD0092232,2026-02-14,2026-02-14,attempted,OUT059,Fresh,Matara,Peliyagoda,chilled,87,544.7,3.053,R025182,1,VEH002,truck,reefer,05:21,04:00,07:45
ORD0092233,2026-02-14,2026-02-14,attempted,OUT060,Fresh,Matara,Peliyagoda,ambient,49,313.0,1.752,R025199,2,VEH015,truck,ambient,05:52,03:00,08:00
ORD0092234,2026-02-14,2026-02-14,attempted,OUT060,Fresh,Matara,Peliyagoda,chilled,49,358.3,1.862,R025182,2,VEH002,truck,reefer,05:48,03:00,08:00
ORD0092235,2026-02-14,2026-02-14,attempted,OUT061,Fresh,Matara,Peliyagoda,ambient,58,357.0,1.999,R025199,0,VEH015,truck,ambient,05:03,05:00,07:30
ORD0092236,2026-02-14,2026-02-14,attempted,OUT061,Fresh,Matara,Peliyagoda,chilled,46,201.1,1.276,R025182,0,VEH002,truck,reefer,04:55,05:00,07:30
ORD0092237,2026-02-14,2026-02-14,attempted,OUT062,Fresh,Matara,Peliyagoda,ambient,70,474.0,2.504,R025199,3,VEH015,truck,ambient,06:18,05:30,08:00
ORD0092238,2026-02-14,2026-02-14,attempted,OUT065,Fresh,Kurunegala,Peliyagoda,ambient,79,530.8,2.934,R025200,1,VEH016,truck,ambient,06:08,05:30,08:00
ORD0092239,2026-02-14,2026-02-14,attempted,OUT065,Fresh,Kurunegala,Peliyagoda,chilled,82,527.7,2.792,R025183,1,VEH001,truck,reefer,04:57,05:30,08:00
ORD0092240,2026-02-14,2026-02-14,attempted,OUT066,Fresh,Kurunegala,Peliyagoda,ambient,64,392.4,2.252,R025200,0,VEH016,truck,ambient,05:34,04:00,07:45
ORD0092241,2026-02-14,2026-02-14,attempted,OUT066,Fresh,Kurunegala,Peliyagoda,chilled,57,282.9,1.853,R025183,0,VEH001,truck,reefer,04:23,04:00,07:45
ORD0092242,2026-02-14,2026-02-14,attempted,OUT067,Fresh,Kurunegala,Peliyagoda,ambient,47,340.1,1.76,R025201,0,VEH017,truck,ambient,05:42,05:00,07:30
ORD0092243,2026-02-14,2026-02-14,attempted,OUT068,Fresh,Kurunegala,Peliyagoda,ambient,55,433.8,2.244,R025200,2,VEH016,truck,ambient,06:41,03:00,08:00
ORD0092244,2026-02-14,2026-02-14,attempted,OUT068,Fresh,Kurunegala,Peliyagoda,chilled,30,228.3,1.174,R025183,2,VEH001,truck,reefer,05:30,03:00,08:00
ORD0092245,2026-02-14,2026-02-14,attempted,OUT069,Fresh,Kurunegala,Peliyagoda,ambient,73,397.0,2.447,R025200,3,VEH016,truck,ambient,07:13,05:30,08:00
ORD0092246,2026-02-14,2026-02-14,attempted,OUT069,Fresh,Kurunegala,Peliyagoda,chilled,49,240.7,1.448,R025183,3,VEH001,truck,reefer,06:04,05:30,08:00
ORD0092247,2026-02-14,2026-02-14,attempted,OUT072,Tech,Kurunegala,Peliyagoda,ambient,4,971.6,2.97,R025212,0,VEH008,truck,ambient,09:19,09:00,17:00
ORD0092248,2026-02-14,2026-02-14,attempted,OUT073,Fresh,Puttalam,Peliyagoda,ambient,52,332.0,1.772,R025198,0,VEH008,truck,ambient,04:56,03:00,08:00
ORD0092249,2026-02-14,2026-02-14,attempted,OUT074,Fresh,Puttalam,Peliyagoda,ambient,71,472.4,2.581,R025198,1,VEH008,truck,ambient,05:34,05:30,08:00
ORD0092250,2026-02-14,2026-02-14,attempted,OUT074,Fresh,Puttalam,Peliyagoda,chilled,38,331.8,1.655,R025181,0,VEH007,truck,reefer,06:32,05:30,08:00
ORD0092251,2026-02-14,2026-02-14,attempted,OUT075,Fresh,Puttalam,Peliyagoda,ambient,36,251.5,1.363,R025198,2,VEH008,truck,ambient,06:17,03:00,08:00
ORD0092252,2026-02-14,2026-02-14,attempted,OUT075,Fresh,Puttalam,Peliyagoda,chilled,28,244.1,1.276,R025181,1,VEH007,truck,reefer,07:07,03:00,08:00
ORD0092253,2026-02-14,2026-02-14,attempted,OUT076,Fresh,Kandy,Kandy,ambient,23,179.8,0.946,R025194,2,VEH059,van,ambient,04:54,03:00,08:00
ORD0092254,2026-02-14,2026-02-14,attempted,OUT076,Fresh,Kandy,Kandy,chilled,23,158.9,0.792,R025179,3,VEH057,van,reefer,06:50,03:00,08:00
ORD0092255,2026-02-14,2026-02-14,attempted,OUT077,Fresh,Kandy,Kandy,ambient,15,111.3,0.607,R025195,0,VEH059,van,ambient,05:05,05:00,07:30
ORD0092256,2026-02-14,2026-02-14,attempted,OUT077,Fresh,Kandy,Kandy,chilled,15,99.5,0.511,R025179,0,VEH057,van,reefer,05:43,05:00,07:30
ORD0092257,2026-02-14,2026-02-14,attempted,OUT078,Fresh,Kandy,Kandy,ambient,31,166.7,0.986,R025194,3,VEH059,van,ambient,05:15,03:00,08:00
ORD0092258,2026-02-14,2026-02-14,attempted,OUT078,Fresh,Kandy,Kandy,chilled,22,166.9,0.902,R025179,4,VEH057,van,reefer,07:12,03:00,08:00
ORD0092259,2026-02-14,2026-02-14,attempted,OUT079,Fresh,Kandy,Kandy,ambient,19,157.4,0.773,R025194,0,VEH059,van,ambient,04:11,04:00,07:45
ORD0092260,2026-02-14,2026-02-14,attempted,OUT079,Fresh,Kandy,Kandy,chilled,15,83.8,0.503,R025179,1,VEH057,van,reefer,06:05,04:00,07:45
ORD0092261,2026-02-14,2026-02-14,attempted,OUT080,Fresh,Kandy,Kandy,ambient,18,108.3,0.635,R025194,4,VEH059,van,ambient,05:37,05:30,08:00
ORD0092262,2026-02-14,2026-02-14,attempted,OUT081,Fresh,Kandy,Kandy,ambient,25,163.3,0.793,R025194,5,VEH059,van,ambient,05:59,03:00,08:00
ORD0092263,2026-02-14,2026-02-14,attempted,OUT081,Fresh,Kandy,Kandy,chilled,35,220.7,1.117,R025179,5,VEH057,van,reefer,07:34,03:00,08:00
ORD0092264,2026-02-14,2026-02-14,attempted,OUT082,Fresh,Kandy,Kandy,ambient,30,152.5,0.884,R025194,6,VEH059,van,ambient,06:21,03:00,08:00
ORD0092265,2026-02-14,2026-02-14,attempted,OUT083,Fresh,Kandy,Kandy,ambient,15,112.2,0.608,R025194,1,VEH059,van,ambient,04:33,04:00,07:45
ORD0092266,2026-02-14,2026-02-14,attempted,OUT083,Fresh,Kandy,Kandy,chilled,24,164.5,0.896,R025179,2,VEH057,van,reefer,06:28,04:00,07:45
ORD0092267,2026-02-14,2026-02-14,attempted,OUT084,Fresh,Kandy,Kandy,ambient,51,238.1,1.336,R025211,1,VEH045,truck,ambient,05:32,05:30,08:00
ORD0092268,2026-02-14,2026-02-14,attempted,OUT085,Fresh,Kandy,Kandy,ambient,80,423.7,2.013,R025211,0,VEH045,truck,ambient,05:10,05:00,07:30
ORD0092269,2026-02-14,2026-02-14,attempted,OUT086,Fresh,Kandy,Kandy,ambient,30,219.7,1.185,R025211,2,VEH045,truck,ambient,05:53,03:00,08:00
ORD0092270,2026-02-14,2026-02-14,attempted,OUT086,Fresh,Kandy,Kandy,chilled,55,284.0,1.702,R025192,0,VEH043,truck,reefer,03:13,03:00,08:00
ORD0092271,2026-02-14,2026-02-14,attempted,OUT087,Fresh,Kandy,Kandy,ambient,40,290.3,1.557,R025211,3,VEH045,truck,ambient,06:14,03:00,08:00
ORD0092272,2026-02-14,2026-02-14,attempted,OUT087,Fresh,Kandy,Kandy,chilled,31,269.6,1.372,R025192,1,VEH043,truck,reefer,03:34,03:00,08:00
ORD0092273,2026-02-14,2026-02-14,attempted,OUT096,Fresh,Matale,Kandy,ambient,27,185.8,1.051,R025208,2,VEH048,truck,ambient,05:58,05:30,08:00
ORD0092274,2026-02-14,2026-02-14,attempted,OUT096,Fresh,Matale,Kandy,chilled,21,187.0,0.991,R025190,2,VEH039,truck,reefer,05:58,05:30,08:00
ORD0092275,2026-02-14,2026-02-14,attempted,OUT097,Fresh,Matale,Kandy,ambient,88,514.6,3.135,R025208,3,VEH048,truck,ambient,06:23,03:00,08:00
ORD0092276,2026-02-14,2026-02-14,attempted,OUT097,Fresh,Matale,Kandy,chilled,86,514.4,2.734,R025190,3,VEH039,truck,reefer,06:24,03:00,08:00
ORD0092277,2026-02-14,2026-02-14,attempted,OUT098,Fresh,Matale,Kandy,ambient,69,376.6,2.272,R025208,4,VEH048,truck,ambient,06:49,03:00,08:00
ORD0092278,2026-02-14,2026-02-14,attempted,OUT098,Fresh,Matale,Kandy,chilled,53,360.0,1.96,R025190,4,VEH039,truck,reefer,06:50,03:00,08:00
ORD0092279,2026-02-14,2026-02-14,attempted,OUT099,Fresh,Matale,Kandy,ambient,66,498.8,2.85,R025208,0,VEH048,truck,ambient,05:06,05:00,07:30
ORD0092280,2026-02-14,2026-02-14,attempted,OUT099,Fresh,Matale,Kandy,chilled,36,265.2,1.397,R025190,0,VEH039,truck,reefer,05:07,05:00,07:30
ORD0092281,2026-02-14,2026-02-14,attempted,OUT100,Fresh,Matale,Kandy,ambient,79,611.5,3.012,R025208,5,VEH048,truck,ambient,07:14,03:00,08:00
ORD0092282,2026-02-14,2026-02-14,attempted,OUT100,Fresh,Matale,Kandy,chilled,106,764.3,3.67,R025190,5,VEH039,truck,reefer,07:17,03:00,08:00
ORD0092283,2026-02-14,2026-02-14,attempted,OUT101,Fresh,Matale,Kandy,ambient,47,411.3,1.999,R025208,1,VEH048,truck,ambient,05:32,05:00,07:30
ORD0092284,2026-02-14,2026-02-14,attempted,OUT101,Fresh,Matale,Kandy,chilled,88,476.1,2.615,R025190,1,VEH039,truck,reefer,05:32,05:00,07:30
ORD0092285,2026-02-14,2026-02-14,attempted,OUT103,Tech,Matale,Kandy,ambient,4,810.5,2.91,R025214,0,VEH056,truck,ambient,08:42,09:00,17:00
ORD0092286,2026-02-14,2026-02-14,attempted,OUT104,Fresh,Nuwara Eliya,Kandy,ambient,55,350.3,1.899,R025202,2,VEH044,truck,ambient,06:32,03:00,08:00
ORD0092287,2026-02-14,2026-02-14,attempted,OUT104,Fresh,Nuwara Eliya,Kandy,chilled,41,268.8,1.371,R025184,2,VEH040,truck,reefer,05:54,03:00,08:00
ORD0092288,2026-02-14,2026-02-14,attempted,OUT105,Fresh,Nuwara Eliya,Kandy,ambient,46,299.1,1.732,R025202,0,VEH044,truck,ambient,05:22,05:00,07:30
ORD0092289,2026-02-14,2026-02-14,attempted,OUT105,Fresh,Nuwara Eliya,Kandy,chilled,28,244.8,1.156,R025184,0,VEH040,truck,reefer,04:41,05:00,07:30
ORD0092290,2026-02-14,2026-02-14,attempted,OUT106,Fresh,Nuwara Eliya,Kandy,ambient,48,341.3,1.856,R025202,3,VEH044,truck,ambient,07:09,05:30,08:00
ORD0092291,2026-02-14,2026-02-14,attempted,OUT106,Fresh,Nuwara Eliya,Kandy,chilled,45,293.8,1.609,R025184,3,VEH040,truck,reefer,06:30,05:30,08:00
ORD0092292,2026-02-14,2026-02-14,attempted,OUT107,Fresh,Nuwara Eliya,Kandy,ambient,74,545.6,2.767,R025202,4,VEH044,truck,ambient,07:44,03:00,08:00
ORD0092293,2026-02-14,2026-02-14,attempted,OUT108,Fresh,Nuwara Eliya,Kandy,ambient,73,455.3,2.735,R025202,1,VEH044,truck,ambient,05:57,04:00,07:45
ORD0092294,2026-02-14,2026-02-14,attempted,OUT108,Fresh,Nuwara Eliya,Kandy,chilled,63,373.5,1.894,R025184,1,VEH040,truck,reefer,05:16,04:00,07:45
ORD0092295,2026-02-14,2026-02-14,attempted,OUT109,Style,Nuwara Eliya,Kandy,ambient,32,580.5,8.79,R025213,0,VEH046,truck,ambient,08:59,09:00,17:00
ORD0092296,2026-02-14,2026-02-14,attempted,OUT110,Fresh,Badulla,Kandy,ambient,39,329.7,1.702,R025197,0,VEH056,truck,ambient,04:55,03:00,08:00
ORD0092297,2026-02-14,2026-02-14,attempted,OUT110,Fresh,Badulla,Kandy,chilled,33,183.0,1.027,R025180,1,VEH041,truck,reefer,07:34,03:00,08:00
ORD0092298,2026-02-14,2026-02-14,attempted,OUT111,Fresh,Badulla,Kandy,ambient,29,203.2,1.098,R025197,1,VEH056,truck,ambient,05:33,03:00,08:00
ORD0092299,2026-02-14,2026-02-14,attempted,OUT112,Fresh,Badulla,Kandy,ambient,52,521.7,2.643,R025196,0,VEH046,truck,ambient,06:17,04:00,07:45
ORD0092300,2026-02-14,2026-02-14,attempted,OUT112,Fresh,Badulla,Kandy,chilled,44,329.1,1.919,R025180,0,VEH041,truck,reefer,06:55,04:00,07:45
ORD0092301,2026-02-14,2026-02-14,attempted,OUT113,Fresh,Badulla,Kandy,ambient,71,525.8,2.801,R025196,1,VEH046,truck,ambient,06:57,05:30,08:00
ORD0092302,2026-02-14,2026-02-14,attempted,OUT116,Fresh,Kegalle,Kandy,ambient,70,583.6,2.989,R025205,0,VEH045,truck,ambient,04:56,05:00,07:30
ORD0092303,2026-02-14,2026-02-14,attempted,OUT117,Fresh,Kegalle,Kandy,ambient,89,524.5,3.041,R025205,1,VEH045,truck,ambient,05:22,04:00,07:45
ORD0092304,2026-02-14,2026-02-14,attempted,OUT117,Fresh,Kegalle,Kandy,chilled,72,546.3,3.008,R025187,0,VEH043,truck,reefer,04:03,04:00,07:45
ORD0092305,2026-02-14,2026-02-14,attempted,OUT118,Fresh,Kegalle,Kandy,ambient,132,918.7,4.425,R025205,2,VEH045,truck,ambient,05:50,04:00,07:45
ORD0092306,2026-02-14,2026-02-14,attempted,OUT118,Fresh,Kegalle,Kandy,chilled,88,588.3,3.325,R025187,1,VEH043,truck,reefer,04:33,04:00,07:45
ORD0092307,2026-02-14,2026-02-14,attempted,OUT119,Fresh,Kegalle,Kandy,ambient,61,367.3,1.997,R025205,3,VEH045,truck,ambient,06:18,03:00,08:00
